Código,Título,Eje,Lugar,Estado
C001,Realizar la Larga Noche de Museos el 11 de julio de 2026,Ciudad Cultural y Turística,"Calle Jaén, La Paz (centro histórico)",Vigente
C002,Crear un nuevo museo patrimonial en el centenario del Palacio Consistorial,Ciudad Cultural y Turística,"Calle Jaén, La Paz (centro histórico)",Vigente
C003,Preparar los museos de la calle Jaén como salas de exhibición para las fiestas julias,Ciudad Cultural y Turística,"Calle Jaén, La Paz (centro histórico)",Vigente
C004,Ejecutar la agenda de julio con 165 actividades de reactivación económica,Ciudad Productiva,"Calle Jaén, La Paz (centro histórico)",Vigente
C005,Reprogramar el presupuesto para sostener el servicio Pumakatari hasta fin de año,Ciudad Conectada,"Calle Jaén, La Paz (centro histórico)",Vigente
C006,Implementar ruta anti-trameaje y brigadas de reacción inmediata para el Pumakatari,Ciudad Conectada,"Calle Jaén, La Paz (centro histórico)",Vigente
C007,Solicitar información a la empresa de recojo de residuos sólidos para evaluar sus tarifas,Ciudad Verde,"Calle Jaén, La Paz (centro histórico)",Vigente
C008,Reducir personal supernumerario e ítems fantasma en el servicio Pumakatari,Ciudad Conectada,"Calle Jaén, La Paz (centro histórico)",Vigente
C009,Gestionar mecanismos de flexibilidad presupuestaria ante el tipo de cambio flexible,Ciudad Eficiente y Transparente,"Calle Jaén, La Paz (centro histórico)",Vigente
C010,Reabrir al público el Parque Laikacota tras su reactivación,Ciudad Verde,,Vigente
C011,Presentar la Marca Ciudad de La Paz,Ciudad Cultural y Turística,,Vigente
C012,Organizar los desfiles cívicos unificados del 14 y 15 de julio,Ciudad Cultural y Turística,,Vigente
C013,Convocar a los 11 concejales al diálogo para restablecer el Concejo Municipal,Ciudad Eficiente y Transparente,,Vigente
C014,Presentar los más de 100 proyectos de ley municipales al Concejo,Ciudad Eficiente y Transparente,,Vigente
C015,Cambiar el vidrio de la entrada de la oficina del despacho,Tareas operativas,,Vigente
C016,Iniciar el cambio de luminarias a luces LED en la ciudad de La Paz,Ciudad Planificada y Habitable,"Plaza Alonso de Mendoza (Churubamba), La Paz",Vigente
C017,Iniciar el proyecto de Ciudad Inteligente,Ciudad Inteligente,"Plaza Alonso de Mendoza (Churubamba), La Paz",Vigente
C018,Iniciar la industrialización de los residuos sólidos,Ciudad Verde,"Plaza Alonso de Mendoza (Churubamba), La Paz",Vigente
C019,Iniciar el programa de mejoramiento de calles de La Paz,Ciudad Planificada y Habitable,"Plaza Alonso de Mendoza (Churubamba), La Paz",Vigente
C020,Lanzar el programa de Turismo de Altura (hub del turismo andino),Ciudad Cultural y Turística,"Plaza Alonso de Mendoza (Churubamba), La Paz",Vigente
C021,Reglamentar e iniciar el embanderamiento de la ciudad de La Paz,Ciudad Productiva,"Plaza Alonso de Mendoza (Churubamba), La Paz",Vigente
C022,"Organizar la carrera pedestre 5K, 10K y 21K de las fiestas julias",Ciudad Vital,"Plaza Alonso de Mendoza (Churubamba), La Paz",Vigente
C023,Realizar el estudio geológico y de suelos del terreno de la Terminal Minasa,Ciudad Conectada,"Terminal Minasa (Villa Fátima), La Paz",Vigente
C024,Emitir un informe técnico-legal sobre el convenio 2012 con los transportistas de Minasa,Ciudad Conectada,"Terminal Minasa (Villa Fátima), La Paz",Vigente
C025,Elaborar el proyecto de la nueva Terminal Minasa con un especialista en terminales,Ciudad Conectada,"Terminal Minasa (Villa Fátima), La Paz",Vigente
C026,Buscar un terreno alternativo para la Terminal Minasa,Ciudad Conectada,"Terminal Minasa (Villa Fátima), La Paz",Vigente
C027,Reunirse con el sector transporte y el sector comercio de la Terminal Minasa,Ciudad Conectada,"Terminal Minasa (Villa Fátima), La Paz",Vigente
C028,Mejorar las condiciones del comedor y los puestos de las comerciantes de Minasa,Ciudad Conectada,"Terminal Minasa (Villa Fátima), La Paz",Vigente
C029,Reponer el control de tránsito y reforzar la Defensoría de la Niñez en la Terminal Minasa,Ciudad de Cuidados y Derechos,"Terminal Minasa (Villa Fátima), La Paz",Vigente
C030,Rediseñar la estrategia de comunicación municipal con enfoque proactivo,Ciudad Eficiente y Transparente,,Vigente
C031,"Ejecutar el plan de comunicación del programa de aniversario (31 días, 165 actividades)",Ciudad Eficiente y Transparente,,Vigente
C033,Definir la estrategia comunicacional frente al pedido de revocatorio,Ciudad Eficiente y Transparente,,Vigente
C034,Crear la sala de crisis comunicacional,Ciudad Eficiente y Transparente,,Vigente
C035,Montar el sistema de escucha social (sondeos y lectura de comentarios),Ciudad Eficiente y Transparente,,Vigente
C036,Crear la identidad musical de la marca ciudad y de los videos municipales,Ciudad Cultural y Turística,,Vigente
C037,Reparar el sistema eléctrico y la iluminación del Centro de Salud El Vergel,Ciudad Planificada y Habitable,"Centro de Salud El Vergel (Bajo Llojeta, Av. Mario Mercado), La Paz",Vigente
C038,Enviar sillas de espera para los pacientes del Centro de Salud El Vergel,Ciudad Vital,"Centro de Salud El Vergel (Bajo Llojeta, Av. Mario Mercado), La Paz",Vigente
C039,Refacción del techo y poda periódica del árbol del Centro de Salud El Vergel,Ciudad Vital,"Centro de Salud El Vergel (Bajo Llojeta, Av. Mario Mercado), La Paz",Vigente
C040,Ampliar y reorganizar los espacios del Centro de Salud El Vergel,Ciudad Planificada y Habitable,"Centro de Salud El Vergel (Bajo Llojeta, Av. Mario Mercado), La Paz",Vigente
C041,Implementar la transformación del sistema municipal de salud en las 5 redes hasta noviembre,Ciudad Vital,"Centro de Salud El Vergel (Bajo Llojeta, Av. Mario Mercado), La Paz",Vigente
C042,Ampliar la cobertura de la red municipal de salud con el convenio Nuestra Señora de La Paz,Ciudad Vital,"Centro de Salud El Vergel (Bajo Llojeta, Av. Mario Mercado), La Paz",Vigente
C043,Programa de salud preventiva domiciliaria para adultos mayores,Ciudad Vital,"Centro de Salud El Vergel (Bajo Llojeta, Av. Mario Mercado), La Paz",Vigente
C044,Garantizar el abastecimiento de medicamentos en los centros de salud,Ciudad Vital,"Centro de Salud El Vergel (Bajo Llojeta, Av. Mario Mercado), La Paz",Vigente
C045,Gestionar ante el SEDES el cambio de la normativa de registros manuales en salud,Ciudad Vital,"Centro de Salud El Vergel (Bajo Llojeta, Av. Mario Mercado), La Paz",Vigente
C046,Dotar personal y especialidades al Centro de Salud El Vergel,Ciudad Vital,"Centro de Salud El Vergel (Bajo Llojeta, Av. Mario Mercado), La Paz",Vigente
C047,Mejorar la seguridad vial y la accesibilidad peatonal del acceso al Centro de Salud El Vergel,Ciudad Conectada,"Centro de Salud El Vergel (Bajo Llojeta, Av. Mario Mercado), La Paz",Vigente
C048,Programa La Paz Iluminada: recambio de más de 130.000 luminarias LED en la ciudad,Ciudad Conectada,"Centro de Salud El Vergel (Bajo Llojeta, Av. Mario Mercado), La Paz",Vigente
C049,Atender el caso del perro comunitario y la jauría de perros en El Vergel,Ciudad de Cuidados y Derechos,"Centro de Salud El Vergel (Bajo Llojeta, Av. Mario Mercado), La Paz",Vigente
C050,Reponer las impresoras y el equipamiento informático del Centro de Salud El Vergel,Ciudad Vital,"Centro de Salud El Vergel (Bajo Llojeta, Av. Mario Mercado), La Paz",Vigente
C051,Replantear y mejorar las ciclovías de la ciudad junto a la asociación de ciclistas,Ciudad Conectada,"Av. del Poeta y Costanera (ruta ciclovía recreativa), La Paz",Vigente
C052,Mesa de diálogo con ciclistas y fraternidades folklóricas para recibir sus propuestas,Ciudad Conectada,"Av. del Poeta y Costanera (ruta ciclovía recreativa), La Paz",Vigente
C053,Entregar las plazas al folklore como espacios de ensayo,Ciudad Cultural y Turística,"Av. del Poeta y Costanera (ruta ciclovía recreativa), La Paz",Vigente
C054,Segunda fase de recuperación: Parque Urbano Central y remozamiento de Laikacota,Ciudad Planificada y Habitable,"Av. del Poeta y Costanera (ruta ciclovía recreativa), La Paz",Vigente
C055,Habilitar las Escuelas Municipales de Deportes de vacaciones: 40 puntos y 7 disciplinas,Ciudad Vital,"Av. del Poeta y Costanera (ruta ciclovía recreativa), La Paz",Vigente
C056,Bailar con los caporales en su próxima presentación,Tareas operativas,,Vigente
C057,Realizar la verbena paceña en la Plaza Mayor de San Francisco cuidando el patrimonio,Ciudad Cultural y Turística,"Plaza San Francisco, La Paz",Vigente
C058,Coordinar con la Asociación de Folkloristas un programa para posicionar la marca ciudad,Ciudad Cultural y Turística,"Plaza San Francisco, La Paz",Vigente
C059,Retornar el árbol de Navidad a la Plaza de San Francisco,Ciudad Cultural y Turística,"Plaza San Francisco, La Paz",Vigente
C060,Acelerar la ejecución del POA en todos los barrios,Ciudad Eficiente y Transparente,,Vigente
C061,Revisar caso de vecino de Callapa sin conexión de gas,Ciudad Planificada y Habitable,,Vigente
C062,Atender problema de desplazamiento y planos en Callapa,Ciudad Planificada y Habitable,,Vigente
C063,Gestionar ante el gobierno nacional la ampliación del feriado paceño,Ciudad Cultural y Turística,,Vigente
C064,Definir fases y buscar padrinos para el pintado de fachadas patrimoniales del tramo Montes–Pérez Velasco,Ciudad Cultural y Turística,"Centro histórico (avenida Montes), La Paz",Vigente
C065,Socializar con los negocios la propuesta de letrero único en inmuebles patrimoniales,Ciudad Planificada y Habitable,"Centro histórico (avenida Montes), La Paz",Vigente
C066,Mostrar en dos semanas el software de trámites digitales desde el celular,Ciudad Vital,"Piscina Olímpica de Obrajes, La Paz",Vigente
C067,Desarrollar un programa de apoyo a padres y niños con TDAH y autismo,Ciudad Vital,"Piscina Olímpica de Obrajes, La Paz",Vigente
C068,Volver la próxima semana a ver la demostración de gimnasia y jugar ajedrez con las escuelas,Ciudad Vital,"Piscina Olímpica de Obrajes, La Paz",Vigente
C069,Levantar inventario y ordenar los almacenes de material deportivo de Obrajes,Ciudad Vital,"Piscina Olímpica de Obrajes, La Paz",Vigente
C070,"Gestionar recursos para reparar la piscina, el área de gimnasia y la cancha de básquet",Ciudad Vital,"Piscina Olímpica de Obrajes, La Paz",Vigente
C071,Resolver la conexión de gas de la piscina de Obrajes,Ciudad Vital,"Piscina Olímpica de Obrajes, La Paz",Vigente
C072,Trasladar las máquinas del predio de Obrajes el viernes,Ciudad Vital,"Piscina Olímpica de Obrajes, La Paz",Vigente
C073,Habilitar el salón interior de Obrajes para zumba y yoga de la tercera edad,Ciudad de Cuidados y Derechos,"Piscina Olímpica de Obrajes, La Paz",Vigente
C074,Instalar baranda de seguridad en la zona insegura de la piscina de Obrajes,Ciudad Vital,"Piscina Olímpica de Obrajes, La Paz",Aprobado por despacho del alcalde
C075,"Compartir con el equipo los documentos del estudio de la marca ciudad 'La Paz, Capital del Cielo'",Ciudad Cultural y Turística,"Centro histórico (avenida Montes), La Paz",Vigente
C076,Buscar una alternativa para el ordenamiento de cables en las fachadas del centro histórico,Ciudad Planificada y Habitable,"Centro histórico (avenida Montes), La Paz",Vigente
C077,Restituir el POA exclusivo de la Banda Municipal Eduardo Caba,Ciudad Cultural y Turística,"Teatro al Aire Libre, La Paz",Vigente
C078,Dotar de uniformes nuevos a la Banda Municipal,Ciudad Cultural y Turística,"Teatro al Aire Libre, La Paz",Vigente
C079,Reparar el bus de la Banda y evaluar un segundo bus,Ciudad Conectada,"Teatro al Aire Libre, La Paz",Vigente
C080,Gestionar ambiente propio e institucionalización de la Banda Eduardo Caba,Ciudad Cultural y Turística,"Teatro al Aire Libre, La Paz",Vigente
C081,Agilizar la designación del Director de la Banda Municipal,Ciudad Cultural y Turística,"Teatro al Aire Libre, La Paz",En revisión
C082,Crear el reglamento de asignación de escenarios municipales (riesgo compartido),Ciudad Cultural y Turística,"Teatro al Aire Libre, La Paz",Vigente
C083,Intervención y mejora de la infraestructura del Teatro al Aire Libre,Ciudad Cultural y Turística,"Teatro al Aire Libre, La Paz",Vigente
C084,Corregir las deficiencias operativas del Hospital La Portada,Ciudad Vital,"Hospital Municipal La Portada, La Paz",Vigente
C085,Poner en pleno uso y al día el mantenimiento del tomógrafo del Hospital La Portada,Ciudad Vital,"Hospital Municipal La Portada, La Paz",Vigente
C086,Recuperar el acelerador lineal donado (USD 3 MM) que nunca llegó al Hospital La Portada,Ciudad Vital,"Hospital Municipal La Portada, La Paz",Vigente
C087,Equipar las ambulancias municipales y eliminar el cobro del servicio,Ciudad Vital,"Hospital Municipal La Portada, La Paz",Vigente
C088,Digitalizar los expedientes clínicos del Hospital La Portada,Ciudad Vital,"Hospital Municipal La Portada, La Paz",Vigente
C089,Instituir inspecciones sorpresa periódicas a los hospitales y centros de salud municipales,Ciudad Vital,"Hospital Municipal La Portada, La Paz",Vigente
C090,Recuperar la información no entregada por la gestión saliente en salud,Ciudad Vital,"Hospital Municipal La Portada, La Paz",Vigente
C091,Paralizar y hacer cumplir la paralización de las construcciones no autorizadas en el Parque 3600 y el Teatrín,Ciudad Planificada y Habitable,"San Jorge–Kantutani (Puente Trillizos), La Paz",Vigente
C092,Instalar las mesas técnicas de diálogo con los vecinos damnificados y definir la ruta crítica del Parque 3600,Ciudad Planificada y Habitable,"San Jorge–Kantutani (Puente Trillizos), La Paz",Vigente
C093,Concluir y asfaltar la vía que conecta la zona con la avenida Cantutani,Ciudad Conectada,"San Jorge–Kantutani (Puente Trillizos), La Paz",Vigente
C094,Regularizar el derecho propietario municipal del Parque 3600 e impulsar la expropiación para consolidarlo,Ciudad Planificada y Habitable,"San Jorge–Kantutani (Puente Trillizos), La Paz",Vigente
C095,Evaluar el estado y el proceso de cierre técnico del ex botadero del Parque 3600,Ciudad Verde,"San Jorge–Kantutani (Puente Trillizos), La Paz",Vigente
C096,Reponer los insumos de botiquín y bioseguridad de los buses Pumakatari,Ciudad Conectada,"Patio Pumakatari de Chasquipampa, La Paz",Vigente
C097,Reparar los ascensores de sillas de ruedas inoperables del Pumakatari y hacer su revisión diaria,Ciudad Conectada,"Patio Pumakatari de Chasquipampa, La Paz",Vigente
C098,Implementar un plan de mantenimiento predictivo documentado para la flota Pumakatari,Ciudad Conectada,"Patio Pumakatari de Chasquipampa, La Paz",Vigente
C099,Dotar uniformes nuevos al personal del Pumakatari,Ciudad Conectada,"Patio Pumakatari de Chasquipampa, La Paz",Vigente
C100,Vacunar contra la influenza al personal del Pumakatari,Ciudad Conectada,"Patio Pumakatari de Chasquipampa, La Paz",Vigente
C101,Eliminar el cobro de pasaje a los trabajadores del Pumakatari y crear la tarjeta de funcionario,Ciudad Conectada,"Patio Pumakatari de Chasquipampa, La Paz",Vigente
C102,Habilitar comedor/descanso y estacionamiento de motos para el personal del patio Pumakatari,Ciudad Conectada,"Patio Pumakatari de Chasquipampa, La Paz",Vigente
C103,Mejorar el sistema de carga de combustible en los patios del Pumakatari,Ciudad Conectada,"Patio Pumakatari de Chasquipampa, La Paz",Vigente
C104,Implementar el sistema integrado de transporte de La Paz,Ciudad Conectada,"Patio Pumakatari de Chasquipampa, La Paz",Vigente
C105,Evaluar y reestructurar las rutas deficitarias del Pumakatari,Ciudad Conectada,"Patio Pumakatari de Chasquipampa, La Paz",Vigente
C106,Eliminar los cobros indebidos de prestaciones del SUS en el Hospital La Paz,Ciudad Vital,"Hospital Municipal La Paz, La Paz",Vigente
C107,Reformular e incrementar el presupuesto del Hospital La Paz,Ciudad Vital,"Hospital Municipal La Paz, La Paz",Vigente
C108,Renovar el equipamiento obsoleto del Hospital La Paz,Ciudad Vital,"Hospital Municipal La Paz, La Paz",Vigente
C109,Digitalizar las historias clínicas del Hospital La Paz,Ciudad Vital,"Hospital Municipal La Paz, La Paz",Vigente
C110,Auditar el uso del presupuesto de construcción del Hospital San Antonio,Ciudad Vital,"Hospital Municipal La Paz, La Paz",Vigente
C111,Implementar los hospitales móviles de salud preventiva para la mujer,Ciudad Vital,"Hospital Municipal La Paz, La Paz",Vigente
C112,Reponer la vía colapsada de Bajo Llojeta,Ciudad Planificada y Habitable,"Bajo Llojeta, La Paz",Vigente
C113,Disponer maquinaria y personal para la limpieza preventiva del río de Bajo Llojeta cada temporada de lluvias,Ciudad Planificada y Habitable,"Bajo Llojeta, La Paz",Vigente
C114,Ejecutar la intervención integral definitiva del talud y el río de Bajo Llojeta,Ciudad Planificada y Habitable,"Bajo Llojeta, La Paz",Vigente
C115,Impedir nuevos asentamientos y notificar las construcciones en la zona de riesgo de Bajo Llojeta,Ciudad Planificada y Habitable,"Bajo Llojeta, La Paz",Vigente
C116,Evaluar el convenio con la cementera (SOBOCE) por el material aluvial de la limpieza de cabeceras,Ciudad Planificada y Habitable,"Bajo Llojeta, La Paz",Vigente
C117,Retirar y reponer los bolardos viales dañados de la ciudad,Ciudad Conectada,"Achumani, La Paz",Vigente
C118,Remozar y mantener el parque de Achumani (áreas verdes y equipamiento),Ciudad Verde,"Achumani, La Paz",Vigente
C119,Controlar la velocidad de los camiones de áridos y extender el rompemuelles en Achumani,Ciudad Conectada,"Achumani, La Paz",Vigente
C120,Inspeccionar y corregir el riesgo eléctrico del Colegio Chumán,Ciudad Planificada y Habitable,"Achumani, La Paz",Vigente
C121,Gestionar el cambio de nombre del parque Hermann Maynard,Ciudad Planificada y Habitable,"Achumani, La Paz",Vigente
C122,Separar los equipos de SLIM y DNA en las plataformas de atención,Ciudad de Cuidados y Derechos,"Plataforma SLIM/DNA Distrito 3 (Nicolás Acosta), La Paz",Vigente
C123,Aumentar el personal de las defensorías vía convenios con universidades,Ciudad de Cuidados y Derechos,"Plataforma SLIM/DNA Distrito 3 (Nicolás Acosta), La Paz",Vigente
C124,Dotar movilidad y combustible a las defensorías,Ciudad de Cuidados y Derechos,"Plataforma SLIM/DNA Distrito 3 (Nicolás Acosta), La Paz",Vigente
C125,Convertir los SLIM a atención 24/7 por equipos,Ciudad de Cuidados y Derechos,"Plataforma SLIM/DNA Distrito 3 (Nicolás Acosta), La Paz",Vigente
C126,Trasladar la plataforma del Distrito 3 al inmueble recuperado de Nicolás Acosta,Ciudad de Cuidados y Derechos,"Plataforma SLIM/DNA Distrito 3 (Nicolás Acosta), La Paz",Vigente
C127,Gestionar un fiscal e investigador asignados a las plataformas SLIM,Ciudad de Cuidados y Derechos,"Plataforma SLIM/DNA Distrito 3 (Nicolás Acosta), La Paz",Vigente
C128,Digitalizar los casos de las defensorías,Ciudad de Cuidados y Derechos,"Plataforma SLIM/DNA Distrito 3 (Nicolás Acosta), La Paz",Vigente
C129,Fortalecer los albergues y crear la red de protección para víctimas,Ciudad de Cuidados y Derechos,"Plataforma SLIM/DNA Distrito 3 (Nicolás Acosta), La Paz",Vigente
C130,Brindar contención psicológica al personal de las defensorías,Ciudad de Cuidados y Derechos,"Plataforma SLIM/DNA Distrito 3 (Nicolás Acosta), La Paz",Vigente
C131,Implementar el programa 'mujer a mujer' de acompañamiento a víctimas,Ciudad de Cuidados y Derechos,"Plataforma SLIM/DNA Distrito 3 (Nicolás Acosta), La Paz",Vigente
C132,Descentralizar el centro de terapia a las plataformas,Ciudad de Cuidados y Derechos,"Plataforma SLIM/DNA Distrito 3 (Nicolás Acosta), La Paz",Vigente
C133,Implementar escuelas de padres y profesionales en las unidades educativas,Ciudad de Cuidados y Derechos,"Plataforma SLIM/DNA Distrito 3 (Nicolás Acosta), La Paz",Vigente
C134,Instalar bolardos metálicos en la acera del Santuario del Gran Poder,Ciudad Conectada,"Zona Gran Poder (Ch'ijini), Max Paredes, La Paz",Vigente
C135,Aumentar el personal de la Intendencia Municipal para el control del comercio,Ciudad Productiva,"Zona Gran Poder (Ch'ijini), Max Paredes, La Paz",Vigente
C136,Instalar cámaras de seguridad y botones de pánico en la zona del Gran Poder,Ciudad de Cuidados y Derechos,"Zona Gran Poder (Ch'ijini), Max Paredes, La Paz",Vigente
C137,Revisar los garages de eventos con exceso de sonido en la Zona Rosa,Ciudad Planificada y Habitable,"Zona Gran Poder (Ch'ijini), Max Paredes, La Paz",Vigente
C138,Reparar las aceras de la ruta del Gran Poder por acción comunal con la asociación de carpinteros,Ciudad Conectada,"Zona Gran Poder (Ch'ijini), Max Paredes, La Paz",Vigente
C139,Evaluar el cambio de ruta del Gran Poder por la Tumusla,Ciudad Cultural y Turística,"Zona Gran Poder (Ch'ijini), Max Paredes, La Paz",Vigente
C140,Fortalecer la guardia municipal,Ciudad de Cuidados y Derechos,"Zona Gran Poder (Ch'ijini), Max Paredes, La Paz",Vigente
C141,Cerrar e inventariar con notario el complejo deportivo Luis Lastra,Ciudad Vital,"Complejo Deportivo Luis Lastra, La Paz",Vigente
C142,Auditar el manejo de la infraestructura deportiva Luis Lastra,Ciudad Vital,"Complejo Deportivo Luis Lastra, La Paz",Vigente
C143,Rehabilitar y reponer los servicios del complejo deportivo Luis Lastra,Ciudad Vital,"Complejo Deportivo Luis Lastra, La Paz",Vigente
C144,Reasignar a la Dirección de Deportes el control de sus activos deportivos,Ciudad Vital,"Complejo Deportivo Luis Lastra, La Paz",Vigente
C145,Regularizar el exceso de personal de EMAVERDE mediante jubilaciones,Ciudad Eficiente y Transparente,"EMAVERDE (planta central), Sopocachi, La Paz",Vigente
C146,Dar de baja la maquinaria obsoleta de EMAVERDE,Ciudad Eficiente y Transparente,"EMAVERDE (planta central), Sopocachi, La Paz",Vigente
C147,"Reponer los insumos, medicamentos y comida de la Casa de la Mascota y garantizar la cadena de frío",Ciudad de Cuidados y Derechos,"Casa de la Mascota (Villa San Antonio), La Paz",Vigente
C148,Refaccionar la infraestructura de la Casa de la Mascota,Ciudad de Cuidados y Derechos,"Casa de la Mascota (Villa San Antonio), La Paz",Vigente
C149,Auditar la gestión de la Casa de la Mascota y regularizar sus activos,Ciudad de Cuidados y Derechos,"Casa de la Mascota (Villa San Antonio), La Paz",Vigente
C150,Desburocratizar las denuncias e implementar la sanción directa en la Casa de la Mascota,Ciudad de Cuidados y Derechos,"Casa de la Mascota (Villa San Antonio), La Paz",Vigente
C151,Reinstalar las cámaras y recalibrar la báscula del ex relleno de Mallasa,Ciudad Verde,"Ex relleno sanitario de Mallasa, La Paz",Vigente
C152,Conformar y estabilizar los taludes y el lixiviado del ex relleno de Mallasa,Ciudad Verde,"Ex relleno sanitario de Mallasa, La Paz",Vigente
C153,Restaurar el ex relleno de Mallasa como santuario de avifauna y área verde recreativa,Ciudad Verde,"Ex relleno sanitario de Mallasa, La Paz",Vigente
C154,Auditar el proyecto del puente de Aranjuez,Ciudad Conectada,"Puente de Aranjuez, La Paz",Vigente
C155,Resolver la accesibilidad y la conectividad del puente de Aranjuez,Ciudad Conectada,"Puente de Aranjuez, La Paz",Vigente
C156,Evaluar y reforzar el puente antiguo de Aranjuez,Ciudad Conectada,"Puente de Aranjuez, La Paz",Vigente
C157,Actualizar el plan de manejo e implementar la identificación de los animales del bioparque Vesty Pakos,Ciudad Verde,"Bioparque Municipal Vesty Pakos, Mallasa, La Paz",Vigente
C158,Mejorar el bienestar animal del bioparque Vesty Pakos (hábitat de pumas y jaulas de aves),Ciudad Verde,"Bioparque Municipal Vesty Pakos, Mallasa, La Paz",Vigente
C159,Crear rutas accesibles diferenciadas y áreas de descanso en el bioparque Vesty Pakos,Ciudad Verde,"Bioparque Municipal Vesty Pakos, Mallasa, La Paz",Vigente
C160,Retomar el convenio con la ONG WCS para el bioparque Vesty Pakos,Ciudad Verde,"Bioparque Municipal Vesty Pakos, Mallasa, La Paz",Vigente
C161,Evaluar la efectividad de la intervención geotécnica de Pampajasí antes de nuevas inversiones,Ciudad Planificada y Habitable,"Cancha Venus, Pampajasí, La Paz",Vigente
C162,"Reponer las afectaciones de la obra en Pampajasí (vía, cámaras, viviendas y cableado)",Ciudad Conectada,"Cancha Venus, Pampajasí, La Paz",Vigente
C163,Estabilizar e intervenir la cancha Venus (césped sintético e iluminación) y apoyar las escuelas de fútbol,Ciudad Vital,"Cancha Venus, Pampajasí, La Paz",Vigente
C164,"Establecer inspecciones permanentes de control de precio, peso y calidad en los mercados",Ciudad Productiva,"Mercado Rodríguez, La Paz",Vigente
C165,Coordinar con las empresas de la canasta básica el abastecimiento y la distribución a mayoristas,Ciudad Productiva,"Mercado Rodríguez, La Paz",Vigente
C166,Reubicar el contenedor de basura del Mercado Rodríguez que contamina los alimentos,Ciudad Verde,"Mercado Rodríguez, La Paz",Vigente
C167,Ampliar el horario del Mercado El Tejar en temporada de frutas,Ciudad Productiva,"Mercado El Tejar, Max Paredes, La Paz",Vigente
C168,Implementar el plan 'Mercados Dignos' con ferias del productor al consumidor,Ciudad Productiva,"Mercado El Tejar, Max Paredes, La Paz",Vigente
C169,Resolver los 400 trámites parados en la Subalcaldía Sur,Ciudad Eficiente y Transparente,"Subalcaldía Sur / Piscina de Obrajes, La Paz",Vigente
C170,Renovar el equipamiento informático y las movilidades de la Subalcaldía Sur,Ciudad Eficiente y Transparente,"Subalcaldía Sur / Piscina de Obrajes, La Paz",Vigente
C171,Dar mantenimiento al edificio patrimonial de la Subalcaldía Sur,Ciudad Eficiente y Transparente,"Subalcaldía Sur / Piscina de Obrajes, La Paz",Vigente
C172,Dotar botiquín y equipamiento de seguridad a la Piscina de Obrajes,Ciudad Vital,"Subalcaldía Sur / Piscina de Obrajes, La Paz",Vigente
C173,Destrabar los trámites parados en la Subalcaldía Max Paredes,Ciudad Eficiente y Transparente,"Subalcaldía Max Paredes, La Paz",Vigente
C174,Entregar los textos escolares retenidos y regularizar el archivo de la Subalcaldía Max Paredes,Ciudad Eficiente y Transparente,"Subalcaldía Max Paredes, La Paz",Vigente
C175,Ejecutar la intervención urgente del riesgo geotécnico en la avenida América (Max Paredes),Ciudad Planificada y Habitable,"Subalcaldía Max Paredes, La Paz",Vigente
C176,Programar el lavado y la limpieza integral del Mercado Uruguay,Ciudad Productiva,"Subalcaldía Max Paredes, La Paz",Vigente
C177,Ejecutar el mantenimiento integral de las paradas del Pumakatari,Ciudad Conectada,"SETRAM (Parque Urbano Central), La Paz",Vigente
C178,"Desarrollar los sistemas internos del SETRAM (flota, combustible y trámites)",Ciudad Conectada,"SETRAM (Parque Urbano Central), La Paz",Vigente
C179,Regularizar y digitalizar el archivo y los activos del SETRAM,Ciudad Conectada,"SETRAM (Parque Urbano Central), La Paz",Vigente
C180,Reparar el muro colapsado que infiltra las fundaciones del edificio del Mercado Camacho,Ciudad Planificada y Habitable,"Mercado Camacho, La Paz",Vigente
C181,"Mejorar los servicios de atención del edificio del Mercado Camacho (adulto mayor, guardería y discapacidad)",Ciudad de Cuidados y Derechos,"Mercado Camacho, La Paz",Vigente
C182,Rehabilitar y poner en funcionamiento el albergue municipal de la calle Chuquisaca,Ciudad de Cuidados y Derechos,"Albergue municipal de la calle Chuquisaca, La Paz",Vigente
C183,Corregir el sistema de atención de la línea de emergencia contra la violencia,Ciudad de Cuidados y Derechos,"Albergue municipal de la calle Chuquisaca, La Paz",Vigente
C184,"Habilitar un albergue de invierno de emergencia para mujeres, niños y personas en situación de calle",Ciudad de Cuidados y Derechos,"Albergue municipal de la calle Chuquisaca, La Paz",Vigente
C185,Renovar el equipamiento de trabajo y adecuar el almacén de la Subalcaldía Centro,Ciudad Eficiente y Transparente,"Subalcaldía Centro, La Paz",Vigente
C186,Reutilizar las luminarias y bolardos obsoletos de la Subalcaldía Centro,Ciudad Conectada,"Subalcaldía Centro, La Paz",Vigente
C187,Reparar las aceras de Miraflores por acción comunal con los vecinos,Ciudad Conectada,"Subalcaldía Centro, La Paz",Vigente
C188,"Modernizar la Terminal de Buses (señalética, imagen institucional y digitalización de tickets)",Ciudad Conectada,"Terminal de Buses, La Paz",Vigente
C189,Regularizar los bienes donados y completar la videovigilancia de la Terminal de Buses,Ciudad Conectada,"Terminal de Buses, La Paz",Vigente
C190,Rehabilitar y abrir el albergue Zenobio López para personas en situación de calle,Ciudad de Cuidados y Derechos,"Terminal de Buses, La Paz",Vigente
C191,"Extender el programa de alimentación a personas en situación de calle, adultos mayores y de bajos recursos",Ciudad de Cuidados y Derechos,"Terminal de Buses, La Paz",Vigente
C192,Resolver la situación laboral de los trabajadores del relleno de Alpacoma,Ciudad Verde,"Relleno sanitario de Alpacoma / Saka Churu, La Paz",Vigente
C193,"Implementar el control de peso, calidad y humedad de los residuos en el relleno de Alpacoma",Ciudad Verde,"Relleno sanitario de Alpacoma / Saka Churu, La Paz",Vigente
C194,"Ejecutar el mantenimiento, la estabilización y las obras urgentes del relleno de Alpacoma",Ciudad Verde,"Relleno sanitario de Alpacoma / Saka Churu, La Paz",Vigente
C195,"Implementar el modelo de transformación de los residuos sólidos (biogás, combustible y valorización)",Ciudad Verde,"Relleno sanitario de Alpacoma / Saka Churu, La Paz",Vigente
C196,Revisar el caso del Mercado Los Pinos y regularizar las patentes de los comerciantes,Ciudad Productiva,"Mercado Los Pinos, La Paz",Vigente
C197,Modernizar la Maestranza municipal y aumentar la producción de mobiliario educativo,Ciudad de Cuidados y Derechos,"Subalcaldía / Maestranza de Hampaturi, La Paz",Vigente
C198,Ejecutar el ordenamiento y la reposición del mobiliario educativo en las unidades educativas,Ciudad de Cuidados y Derechos,"Subalcaldía / Maestranza de Hampaturi, La Paz",Vigente
C199,Potenciar el desarrollo productivo y agrícola del área rural de Hampaturi,Ciudad Productiva,"Subalcaldía / Maestranza de Hampaturi, La Paz",Vigente
C200,Impulsar la reactivación económica de La Paz: feria 'Reactiva la Paz' y mesa metropolitana público-privada,Ciudad Productiva,"Reunión Reactiva la Paz (macrodistrito San Antonio), La Paz",Vigente
C201,Investigar la sustracción del equipamiento del parque Laikacota,Ciudad Verde,"Parque Laikacota, La Paz",Vigente
C202,Sanear y reflotar la situación financiera de EMAVIAS,Ciudad Eficiente y Transparente,"EMAVIAS (planta de asfalto), La Paz",Vigente
C203,Investigar el robo de asfaltos y auditar las contrataciones de EMAVIAS,Ciudad Eficiente y Transparente,"EMAVIAS (planta de asfalto), La Paz",Vigente
C204,Coordinar con EPSAS la reposición del asfalto que rompe en las vías,Ciudad Conectada,"EMAVIAS (planta de asfalto), La Paz",Vigente
C205,Habilitar los servicios externos de EMAVIAS y aprobar sus estatutos,Ciudad Eficiente y Transparente,"EMAVIAS (planta de asfalto), La Paz",Vigente
C206,Ejecutar el plan de intervención integral de la piscina de Orcojahuira (San Antonio),Ciudad Vital,"Piscina de Orcojahuira (San Antonio), La Paz",Vigente
C207,Eliminar los sorteos de nichos del Cementerio General y permitir la elección directa y transparente,Ciudad Eficiente y Transparente,"Cementerio General, La Paz",Vigente
C208,Digitalizar y modernizar el registro del Cementerio General,Ciudad Eficiente y Transparente,"Cementerio General, La Paz",Vigente
C209,Esclarecer los recursos de reconstrucción y ejecutar la nueva construcción de nichos del Cementerio General,Ciudad Planificada y Habitable,"Cementerio General, La Paz",Vigente
C210,Recuperar las bibliotecas municipales cedidas y rehabilitar la de Achachicala,Ciudad Cultural y Turística,"Biblioteca Municipal (Mercado), La Paz",Vigente
C211,Digitalizar y conservar el acervo patrimonial de la Biblioteca Municipal,Ciudad Cultural y Turística,"Biblioteca Municipal (Mercado), La Paz",Vigente
C212,Incrementar el presupuesto de la Biblioteca Municipal para la compra de libros y la conservación,Ciudad Cultural y Turística,"Biblioteca Municipal (Mercado), La Paz",Vigente
C213,Ejecutar la conservación y restauración del patrimonio de los museos municipales,Ciudad Cultural y Turística,"Museos municipales (Calle Jaén / Casa de Murillo), La Paz",Vigente
C214,Implementar una tarjeta única de acceso a los museos municipales,Ciudad Cultural y Turística,"Museos municipales (Calle Jaén / Casa de Murillo), La Paz",Vigente
C215,Habilitar parte del Palacio Consistorial como museo por su centenario,Ciudad Cultural y Turística,"Museos municipales (Calle Jaén / Casa de Murillo), La Paz",Vigente
C216,Devolver los cobros indebidos a los 87 pacientes y eliminar el cobro de certificados e informes médicos en el Hospital Los Pinos,Ciudad Vital,"Hospital Los Pinos, La Paz",Vigente
C217,Reponer los extintores vencidos del Hospital Los Pinos y capacitar al personal en su uso,Ciudad Vital,"Hospital Los Pinos, La Paz",Vigente
C218,Ampliar y mejorar la infraestructura del Hospital Los Pinos,Ciudad Vital,"Hospital Los Pinos, La Paz",Vigente
C219,Ampliar y reubicar el Centro de Salud de Tembladerani con accesibilidad y más horarios,Ciudad Vital,"Centro de Salud Tembladerani (Cotahuma), La Paz",Vigente
C220,Garantizar que ningún paciente espere en la calle en el Centro de Salud de Tembladerani (guardia municipal),Ciudad Vital,"Centro de Salud Tembladerani (Cotahuma), La Paz",Vigente
C221,Regularizar el derecho propietario del inmueble del Centro de Salud de Tembladerani,Ciudad Vital,"Centro de Salud Tembladerani (Cotahuma), La Paz",Vigente
C222,Renovar el extintor vencido y el equipamiento de seguridad del Centro de Salud de Tembladerani,Ciudad Vital,"Centro de Salud Tembladerani (Cotahuma), La Paz",Vigente
C223,Ejecutar los estudios y la intervención integral de estabilización del muro cajón de Seguencoma (calle 16),Ciudad Planificada y Habitable,"Muro cajón de Seguencoma (calle 16), La Paz",Vigente
C224,Regularizar la publicidad en vía de la avenida Costanera y cuantificar el hurto de energía del alumbrado público,Ciudad Eficiente y Transparente,"Avenida Costanera (zona Las Cholas), La Paz",Vigente
C225,Actualizar el plan maestro de publicidad exterior de la ciudad (estudio de factibilidad por zonas),Ciudad Planificada y Habitable,"Centro Histórico / Avenida Costanera, La Paz",Vigente
C226,Realizar la limpieza y el mantenimiento de la acera de la avenida Costanera (Las Cholas),Ciudad Conectada,"Avenida Costanera (zona Las Cholas), La Paz",Vigente
C227,Transformar el Mercado Bolívar en un mercado digno (refacción integral),Ciudad Productiva,"Mercado Bolívar (calle Catacora, cerca de Plaza Murillo), La Paz",Vigente
C228,Establecer la limpieza periódica (cada 6 meses) del Mercado Bolívar,Ciudad Productiva,"Mercado Bolívar (calle Catacora, cerca de Plaza Murillo), La Paz",Vigente
C229,Reparar la filtración de humedad y renovar el sistema eléctrico de la Biblioteca Municipal (hemeroteca),Ciudad Cultural y Turística,"Biblioteca Municipal (Hemeroteca), La Paz",Vigente
C230,Impulsar el programa 'La Paz sin petardos' y hacer cumplir la normativa,Ciudad de Cuidados y Derechos,,Vigente
C231,Evaluar y reforzar la estructura metálica del Parque Urbano Central (desequilibrada),Ciudad Planificada y Habitable,"Parque Urbano Central (patios SETRAM/Pumakatari), La Paz",Vigente
C232,Modernizar el centro de monitoreo del transporte (190 cámaras) con inteligencia artificial,Ciudad Inteligente,"Parque Urbano Central (patios SETRAM/Pumakatari), La Paz",Vigente
C233,Concluir la obra vial de Tacagua – San Juan Cotahuma y auditar el contrato,Ciudad Planificada y Habitable,"Avenida Tacagua – San Juan Cotahuma, La Paz",Vigente
C234,Estudiar y rehabilitar el túnel/bocamina de drenaje de San Juan Cotahuma,Ciudad Planificada y Habitable,"San Juan Cotahuma (túnel/bocamina), La Paz",Vigente
C235,Inspeccionar e intervenir el deslizamiento de Las Lomas / línea amarilla (Buenos Aires),Ciudad Planificada y Habitable,"Las Lomas / Buenos Aires (línea amarilla), Cotahuma, La Paz",Vigente
C236,Reutilizar los equipos médicos dados de baja e implementar el mantenimiento biomédico (convenio U. Católica),Ciudad Vital,"Hospital Municipal (red de Cotahuma), La Paz",Vigente
C237,Verificar el derecho propietario y los permisos de construcción de las viviendas en riesgo del talud de Las Lomas,Ciudad Planificada y Habitable,"Las Lomas (talud), La Paz",Vigente
C238,"Rehabilitar el frontón/complejo deportivo de San Antonio (baños, electricidad, canchas y parqueo)",Ciudad Vital,"Frontón / complejo deportivo de San Antonio, La Paz",Vigente
C239,Resolver el asentamiento estructural del Centro de Salud de Villa Armonía,Ciudad Vital,"Centro de Salud de Villa Armonía, La Paz",Vigente
C240,Recuperar y regularizar el condominio de afectados de San Isidro (mal utilizado),Ciudad Planificada y Habitable,"San Isidro (Nieves-Linares), La Paz",Vigente
C241,"Refaccionar el Mercado Kollasuyo (techo, cañerías y luminarias)",Ciudad Productiva,"Mercado Kollasuyo, La Paz",Vigente
C242,Establecer el lavado y la fumigación periódica (2 veces al año) del Mercado Kollasuyo,Ciudad Productiva,"Mercado Kollasuyo, La Paz",Vigente
C243,Auditar el CITE de Joyería (producción real vs. facturación) y esclarecer su manejo,Ciudad Eficiente y Transparente,"CITE de Joyería (Centro de Innovación Tecnológica, Costanera), La Paz",Vigente
C244,"Diagnosticar y reactivar el CITE de Joyería (certificación, refacción, personal y uso del equipamiento)",Ciudad Productiva,"CITE de Joyería (Centro de Innovación Tecnológica, Costanera), La Paz",Vigente
C245,Verificar con inclinometría el resultado del proyecto de mitigación del deslizamiento de Valle de las Flores y esclarecer los cambios de alcance/presupuesto,Ciudad Planificada y Habitable,"Valle de las Flores / Callapa (distrito 16), macrodistrito San Antonio, La Paz",Vigente
C246,"Ejecutar la Fase 2 de estabilización de Valle de las Flores (embovedado del río Quiswaras, drenaje pluvial y retiro de escombros)",Ciudad Planificada y Habitable,"Valle de las Flores / Callapa (distrito 16), macrodistrito San Antonio, La Paz",Vigente
C247,"Rehabilitar los servicios de la zona afectada de Valle de las Flores (energía/alumbrado, vía y poste)",Ciudad Conectada,"Valle de las Flores / Callapa (distrito 16), macrodistrito San Antonio, La Paz",Vigente
C248,Resolver el drenaje y construir el muro de contención en la caja matriz del Parque de las Cebras,Ciudad Planificada y Habitable,"Parque de las Cebras, La Paz",Vigente
C249,Conectar el servicio de agua del Parque de las Cebras (coordinación con EPSAS),Ciudad Planificada y Habitable,"Parque de las Cebras, La Paz",Vigente
C250,"Retirar de inmediato los fierros sueltos, tapar huecos y asegurar cables en el Parque de las Cebras",Ciudad Verde,"Parque de las Cebras, La Paz",Vigente
C251,Habilitar la puerta principal del Parque de las Cebras,Ciudad Verde,"Parque de las Cebras, La Paz",Vigente
C252,Reubicar o retirar los juegos en mal estado y las plantas mal ubicadas del Parque de las Cebras,Ciudad Verde,"Parque de las Cebras, La Paz",Vigente
C253,Instalar césped sintético e iluminación en las canchas del Parque de las Cebras,Ciudad Vital,"Parque de las Cebras, La Paz",Vigente
C254,Retirar o regularizar la caseta inactiva del Ministerio de Salud en el Parque de las Cebras,Ciudad Eficiente y Transparente,"Parque de las Cebras, La Paz",Vigente
C255,Ejecutar el mantenimiento integral del Parque de las Cebras,Ciudad Verde,"Parque de las Cebras, La Paz",Vigente
C256,Investigar el presunto avasallamiento de terreno del Parque de las Cebras (caso Sr. Chura),Tareas operativas,"Parque de las Cebras, La Paz",Vigente
C257,Programa de mantenimiento integral de las 226 unidades educativas,Ciudad de Cuidados y Derechos,,Vigente
C258,Asignar presupuesto específico para las unidades educativas desde la gestión 2027,Ciudad de Cuidados y Derechos,,Vigente
C259,"Programa de seguridad vial escolar (señalización, cebras y voluntarios)",Ciudad Conectada,,Vigente
C260,Poner a disposición más de 1.200 becas para estudiantes de La Paz,Ciudad de Cuidados y Derechos,,Vigente
C261,Programa integral de laboratorios y computación en las unidades educativas,Ciudad Inteligente,,Vigente
C262,Atender las necesidades prioritarias del Colegio Agustín Aspiazu (tinglado y laboratorio),Ciudad de Cuidados y Derechos,"Colegio Agustín Aspiazu, La Paz",Vigente
C263,Reactivar y habilitar la maquinaria parada de EDME,Ciudad Eficiente y Transparente,"Predio de EDME, Bajo Llojeta, La Paz",Vigente
C264,Auditar las contrataciones a terceros de EDME (~Bs 167 millones),Ciudad Eficiente y Transparente,"Predio de EDME, Bajo Llojeta, La Paz",Vigente
C265,Dar de baja el inventario y repuestos obsoletos del almacén de EDME,Ciudad Eficiente y Transparente,"Predio de EDME, Bajo Llojeta, La Paz",Vigente
C266,Regularizar el derecho propietario e intervenir el deslizamiento del predio de EDME,Ciudad Planificada y Habitable,"Predio de EDME, Bajo Llojeta, La Paz",Vigente
C267,Habilitar el surtidor propio y el tanque pulmón de EDME,Ciudad Eficiente y Transparente,"Predio de EDME, Bajo Llojeta, La Paz",Vigente
C268,Implementar el sistema predictivo de repuestos (CRM) y subir el sistema Maresto a la nube,Ciudad Inteligente,"Predio de EDME, Bajo Llojeta, La Paz",Vigente
C269,Mejorar las condiciones laborales del personal de EDME (duchas y vestuarios),Ciudad de Cuidados y Derechos,"Predio de EDME, Bajo Llojeta, La Paz",Vigente
