Código,Compromiso,Secretaría,Proyecto original,Proyecto afinado,Programa afinado,Nivel afinado,Motivo
C086,Recuperar el acelerador lineal donado (USD 3 MM) que nunca llegó al Hospital La Portada,Auditoría Interna,Clinicas de Vida: Salud donde vives,Clinicas de Vida: Salud donde vives,Salud Primaria Integral,Alto,"Recuperar el acelerador lineal donado equipa de oncología al hospital municipal, núcleo de la salud primaria."
C149,Auditar la gestión de la Casa de la Mascota y regularizar sus activos,Auditoría Interna,Patitas Seguras: Veterinarias comunitarias y adopcion responsable,Proyecto paraguas (operativo/protocolar/interno),-,Suelto,"Auditoría de la gestión y regularización de activos: control interno, no ejecuta el proyecto de bienestar animal."
C154,Auditar el proyecto del puente de Aranjuez,Auditoría Interna,Vias Distritales de Conexion,Proyecto paraguas (operativo/protocolar/interno),-,Suelto,Auditoría de una obra: acción de control interno.
C243,Auditar el CITE de Joyería (producción real vs. facturación) y esclarecer su manejo,Auditoría Interna,Centro de Control de Empresas Municipales,Proyecto paraguas (operativo/protocolar/interno),-,Suelto,Auditoría del CITE: acción de control interno.
C264,Auditar las contrataciones a terceros de EDME (~Bs 167 millones),Auditoría Interna,Auditoria y Reingenieria de EMAVERDE/EMAVIAS,Proyecto paraguas (operativo/protocolar/interno),-,Suelto,Auditoría de contrataciones: acción de control interno.
C004,Ejecutar la agenda de julio con 165 actividades de reactivación económica,Despacho del Alcalde,Ferias + Incubadoras,Proyecto paraguas (operativo/protocolar/interno),-,Suelto,Agenda protocolar de 165 actividades de gabinete: no es un proyecto definido del Plan.
C014,Presentar los más de 100 proyectos de ley municipales al Concejo,Despacho del Alcalde,Portal de Normas Urbanas Vivas,Paragua Normativo para el Desarrollo,Normativa Urbana y Convenios,Alto,"El paquete de proyectos de ley se enmarca en el paraguas normativo, no en un portal de normas."
C140,Fortalecer la guardia municipal,Despacho del Alcalde,Barrios Seguros desde la Comunidad: Alarmas con vecinos y cultura de paz,Proyecto paraguas (operativo/protocolar/interno),-,Suelto,"Fortalecer la guardia municipal es fortalecimiento institucional/operativo, sin proyecto específico."
C205,Habilitar los servicios externos de EMAVIAS y aprobar sus estatutos,Despacho del Alcalde,Auditoria y Reingenieria de EMAVERDE/EMAVIAS,Auditoria y Reingenieria de EMAVERDE/EMAVIAS,Empresas Publicas Eficientes,Alto,Habilitar servicios y aprobar estatutos de EMAVIAS es reingeniería directa de la empresa pública.
C263,Reactivar y habilitar la maquinaria parada de EDME,Despacho del Alcalde,Empresa Ciudad Humana: Servicios que transforman,Empresa Ciudad Humana: Servicios que transforman,Empresas Publicas Eficientes,Alto,Reactivar la maquinaria de EDME hace eficiente y operativo el servicio de la empresa municipal.
C268,Implementar el sistema predictivo de repuestos (CRM) y subir el sistema Maresto a la nube,Despacho del Alcalde,Municipio Inteligente y Humano,Municipio Inteligente y Humano,Transformacion Digital Ciudadana,Alto,El CRM predictivo de repuestos y la nube de EDME son digitalización de la gestión municipal.
C207,Eliminar los sorteos de nichos del Cementerio General y permitir la elección directa y transparente,EDMC,Municipio Inteligente y Humano,Municipio Inteligente y Humano,Transformacion Digital Ciudadana,Alto,Eliminar sorteos por elección directa y transparente digitaliza y transparenta el servicio del cementerio.
C208,Digitalizar y modernizar el registro del Cementerio General,EDMC,Municipio Inteligente y Humano,Municipio Inteligente y Humano,Transformacion Digital Ciudadana,Alto,Digitalizar el registro del cementerio es transformación digital del servicio.
C209,Esclarecer los recursos de reconstrucción y ejecutar la nueva construcción de nichos del Cementerio General,EDMC,Equipamos La Paz: Infraestructura con proposito humano,Equipamos La Paz: Infraestructura con proposito humano,Equipamiento y Servicios Urbanos,Alto,La construcción de nichos es equipamiento y servicio urbano municipal.
C045,Gestionar ante el SEDES el cambio de la normativa de registros manuales en salud,Hospitales Municipales,Red de Salud Inteligente de Barrio,Red de Salud Inteligente de Barrio,Salud Inteligente y Preventiva,Alto,Habilitar registros digitales de salud calza en la red de salud inteligente y preventiva.
C006,Implementar ruta anti-trameaje y brigadas de reacción inmediata para el Pumakatari,SETRAM,Rutas Integradas Inteligentes,Rutas Integradas Inteligentes,Ordenamiento del Transporte Publico Colectivo,Alto,La ruta anti-trameaje y las brigadas ordenan el transporte público del Pumakatari.
C008,Reducir personal supernumerario e ítems fantasma en el servicio Pumakatari,SETRAM,Empresa Ciudad Humana: Servicios que transforman,Empresa Ciudad Humana: Servicios que transforman,Empresas Publicas Eficientes,Alto,Reducir ítems fantasma y supernumerarios hace eficiente la empresa/servicio de transporte.
C097,Reparar los ascensores de sillas de ruedas inoperables del Pumakatari y hacer su revisión diaria,SETRAM,Transporte Accesible,Transporte Accesible,Movilidad Inclusiva y Accesibilidad Universal,Alto,Reparar los ascensores de sillas de ruedas es accesibilidad universal del transporte.
C098,Implementar un plan de mantenimiento predictivo documentado para la flota Pumakatari,SETRAM,Rutas Integradas Inteligentes,Rutas Integradas Inteligentes,Ordenamiento del Transporte Publico Colectivo,Alto,El mantenimiento predictivo sostiene la operación confiable del sistema de transporte.
C178,"Desarrollar los sistemas internos del SETRAM (flota, combustible y trámites)",SETRAM,Rutas Integradas Inteligentes,Municipio Inteligente y Humano.,Transformación Digital Ciudadana,Alto,"Los sistemas internos del SETRAM (flota, combustible, trámites) son digitalización de la gestión, no ordenamiento de rutas."
C007,Solicitar información a la empresa de recojo de residuos sólidos para evaluar sus tarifas,SIREMU,Basura Cero: Comunidad que separa y reduce,Proyecto paraguas (operativo/protocolar/interno),-,Suelto,"Solicitud de información regulatoria para evaluar tarifas: tarea de supervisión, no ejecuta proyecto."
C024,Emitir un informe técnico-legal sobre el convenio 2012 con los transportistas de Minasa,SM Ciudad Conectada y Movilidad,Terminales Metropolitanas,Terminales Metropolitanas,Control del Transporte Interciudad y Fronteras Urbanas,Alto,El informe técnico-legal del convenio ordena la terminal interprovincial Minasa.
C026,Buscar un terreno alternativo para la Terminal Minasa,SM Ciudad Conectada y Movilidad,Terminales Metropolitanas,Terminales Metropolitanas,Control del Transporte Interciudad y Fronteras Urbanas,Alto,Buscar terreno alternativo materializa la reubicación de la terminal Minasa.
C027,Reunirse con el sector transporte y el sector comercio de la Terminal Minasa,SM Ciudad Conectada y Movilidad,Terminales Metropolitanas,Terminales Metropolitanas,Control del Transporte Interciudad y Fronteras Urbanas,Alto,El diálogo sectorial es parte del proceso de reordenamiento de la terminal Minasa.
C028,Mejorar las condiciones del comedor y los puestos de las comerciantes de Minasa,SM Ciudad Conectada y Movilidad,Terminales Metropolitanas,Terminales Metropolitanas,Control del Transporte Interciudad y Fronteras Urbanas,Alto,Mejorar comedor y puestos de comerciantes es parte del reordenamiento de la terminal.
C047,Mejorar la seguridad vial y la accesibilidad peatonal del acceso al Centro de Salud El Vergel,SM Ciudad Conectada y Movilidad,La Via es Nuestra: Calles completas para todas las personas,La Via es Nuestra: Calles completas para todas las personas,Infraestructura Vial Estrategica,Alto,Mejorar seguridad vial y accesibilidad peatonal del acceso es calles completas.
C052,Mesa de diálogo con ciclistas y fraternidades folklóricas para recibir sus propuestas,SM Ciudad Conectada y Movilidad,Red de Ciclorrutas,Red de Ciclorrutas,Movilidad Urbana Sostenible,Alto,La mesa con ciclistas alimenta la planificación de la red de ciclorrutas.
C117,Retirar y reponer los bolardos viales dañados de la ciudad,SM Ciudad Conectada y Movilidad,Regulacion del Espacio Publico,Regulacion del Espacio Publico,Parqueo y Control del Espacio Publico Vial,Alto,Retirar y reponer bolardos regula y protege el espacio público vial.
C119,Controlar la velocidad de los camiones de áridos y extender el rompemuelles en Achumani,SM Ciudad Conectada y Movilidad,La Via es Nuestra: Calles completas para todas las personas,La Via es Nuestra: Calles completas para todas las personas,Infraestructura Vial Estrategica,Alto,Controlar velocidad y extender rompemuelles es seguridad vial / calles completas.
C134,Instalar bolardos metálicos en la acera del Santuario del Gran Poder,SM Ciudad Conectada y Movilidad,Regulacion del Espacio Publico,Regulacion del Espacio Publico,Parqueo y Control del Espacio Publico Vial,Alto,Instalar bolardos protege la acera peatonal: regulación del espacio público vial.
C189,Regularizar los bienes donados y completar la videovigilancia de la Terminal de Buses,SM Ciudad Conectada y Movilidad,Terminal Inteligente Metropolitana,Terminal Inteligente Metropolitana,Control del Transporte Interciudad y Fronteras Urbanas,Alto,Regularizar bienes y completar videovigilancia moderniza la terminal metropolitana.
C204,Coordinar con EPSAS la reposición del asfalto que rompe en las vías,SM Ciudad Conectada y Movilidad,Intervenciones en Cuellos de Botella,La Vía es Nuestra: Calles completas para todas las personas.,Infraestructura Vial Estratégica,Alto,"La reposición de pavimento en vías corresponde a infraestructura vial, no a cuellos de botella."
C232,Modernizar el centro de monitoreo del transporte (190 cámaras) con inteligencia artificial,SM Ciudad Conectada y Movilidad,Paneles de Gestion en Tiempo Real,Paneles de Gestion en Tiempo Real,Ciudad Inteligente,Alto,Modernizar el centro de monitoreo con IA es gestión inteligente en tiempo real.
C197,Modernizar la Maestranza municipal y aumentar la producción de mobiliario educativo,SM Ciudad Inteligente,Plan de Rehabilitacion Escolar,Plan de Rehabilitacion Escolar,Infraestructura y Equipamiento Educativo,Alto,Modernizar la Maestranza para producir mobiliario educativo equipa las escuelas.
C258,Asignar presupuesto específico para las unidades educativas desde la gestión 2027,SM Ciudad Inteligente,Plan de Rehabilitacion Escolar,Plan de Rehabilitacion Escolar,Infraestructura y Equipamiento Educativo,Alto,Asignar presupuesto específico a las unidades educativas sostiene la rehabilitación escolar.
C260,Poner a disposición más de 1.200 becas para estudiantes de La Paz,SM Ciudad Inteligente,Itinerarios Educativos por Talento,Itinerarios Educativos por Talento,Educacion para el Desarrollo,Alto,Poner a disposición 1.200 becas responde a itinerarios educativos por talento.
C016,Iniciar el cambio de luminarias a luces LED en la ciudad de La Paz,SM Ciudad Planificada y Habitable,Alumbrado Solar Distrital,Alumbrado Solar Distrital,Energias Renovables y Eficiencia Energetica,Alto,El recambio a luminarias LED es eficiencia energética del alumbrado público.
C048,Programa La Paz Iluminada: recambio de más de 130.000 luminarias LED en la ciudad,SM Ciudad Planificada y Habitable,Alumbrado Solar Distrital,Alumbrado Solar Distrital,Energias Renovables y Eficiencia Energetica,Alto,El recambio masivo de 130.000 LED es eficiencia energética del alumbrado público.
C076,Buscar una alternativa para el ordenamiento de cables en las fachadas del centro histórico,SM Ciudad Planificada y Habitable,Barrios con Historia Viva: Rehabilitacion urbana participativa,Barrios con Historia Viva: Rehabilitacion urbana participativa,Rehabilitacion de Barrios Historicos,Alto,Ordenar los cables en fachadas es rehabilitación urbana del centro histórico.
C092,Instalar las mesas técnicas de diálogo con los vecinos damnificados y definir la ruta crítica del Parque 3600,SM Ciudad Planificada y Habitable,Proteccion de Areas de Riesgo,Proteccion de Areas de Riesgo,Gestion del Suelo y Asentamientos Seguros,Alto,Las mesas técnicas con damnificados gestionan el riesgo del sitio del Parque 3600.
C094,Regularizar el derecho propietario municipal del Parque 3600 e impulsar la expropiación para consolidarlo,SM Ciudad Planificada y Habitable,Tu Terreno Cuenta: Regularizacion con justicia social,Tu Terreno Cuenta: Regularizacion con justicia social,Catastro Moderno y Justicia Urbana,Alto,Regularizar el derecho propietario y la expropiación es catastro y justicia urbana.
C112,Reponer la vía colapsada de Bajo Llojeta,SM Ciudad Planificada y Habitable,Proteccion de Areas de Riesgo,Proteccion de Areas de Riesgo,Gestion del Suelo y Asentamientos Seguros,Alto,Reponer la vía colapsada en zona de talud/río es parte de la protección del área de riesgo.
C113,Disponer maquinaria y personal para la limpieza preventiva del río de Bajo Llojeta cada temporada de lluvias,SM Ciudad Planificada y Habitable,Infraestructura de Drenaje Verde,Infraestructura de Drenaje Verde,Adaptacion Climatica Urbana y Gestion Hidrica,Alto,La limpieza preventiva del río mitiga el riesgo hidrológico: drenaje/adaptación climática.
C116,Evaluar el convenio con la cementera (SOBOCE) por el material aluvial de la limpieza de cabeceras,SM Ciudad Planificada y Habitable,Infraestructura de Drenaje Verde,Infraestructura de Drenaje Verde,Adaptacion Climatica Urbana y Gestion Hidrica,Alto,El manejo del material aluvial de cabeceras es parte de la gestión hídrica del drenaje.
C180,Reparar el muro colapsado que infiltra las fundaciones del edificio del Mercado Camacho,SM Ciudad Planificada y Habitable,"Mi Mercado, Mi Comunidad: Red de Mercados Dignos","Mi Mercado, Mi Comunidad: Red de Mercados Dignos",Mercados y Comercio Digno,Alto,Reparar el muro que infiltra las fundaciones dignifica y protege el edificio del mercado.
C234,Estudiar y rehabilitar el túnel/bocamina de drenaje de San Juan Cotahuma,SM Ciudad Planificada y Habitable,Infraestructura de Drenaje Verde,Infraestructura de Drenaje Verde,Adaptacion Climatica Urbana y Gestion Hidrica,Alto,Rehabilitar el túnel/bocamina de drenaje es infraestructura de drenaje.
C240,Recuperar y regularizar el condominio de afectados de San Isidro (mal utilizado),SM Ciudad Planificada y Habitable,Programa de Regularizacion con Seguridad,Programa de Regularizacion con Seguridad,Gestion del Suelo y Asentamientos Seguros,Alto,Recuperar y regularizar el condominio de afectados es regularización del suelo con seguridad.
C135,Aumentar el personal de la Intendencia Municipal para el control del comercio,SM Ciudad Productiva,Mercados Ciudad Humana,Proyecto paraguas (operativo/protocolar/interno),-,Suelto,"Incremento de personal de la Intendencia: fortalecimiento operativo de control, no un proyecto."
C165,Coordinar con las empresas de la canasta básica el abastecimiento y la distribución a mayoristas,SM Ciudad Productiva,Empresa de Alimentos Populares,Empresa de Alimentos Populares,Nuevas Empresas Mixtas,Alto,Coordinar el abastecimiento de la canasta básica sostiene la empresa de alimentos populares.
C167,Ampliar el horario del Mercado El Tejar en temporada de frutas,SM Ciudad Productiva,Mercados Ciudad Humana,Proyecto paraguas (operativo/protocolar/interno),-,Suelto,Ampliación de horario de mercado: decisión de gestión operativa.
C176,Programar el lavado y la limpieza integral del Mercado Uruguay,SM Ciudad Productiva,"Mi Mercado, Mi Comunidad: Red de Mercados Dignos",Proyecto paraguas (operativo/protocolar/interno),-,Suelto,Lavado/limpieza integral de mercado: mantenimiento operativo.
C196,Revisar el caso del Mercado Los Pinos y regularizar las patentes de los comerciantes,SM Ciudad Productiva,"Mi Mercado, Mi Comunidad: Red de Mercados Dignos","Mi Mercado, Mi Comunidad: Red de Mercados Dignos",Mercados y Comercio Digno,Alto,Regularizar patentes formaliza el comercio del mercado.
C224,Regularizar la publicidad en vía de la avenida Costanera y cuantificar el hurto de energía del alumbrado público,SM Ciudad Productiva,Regulacion del Espacio Publico,Regulacion del Espacio Publico,Parqueo y Control del Espacio Publico Vial,Alto,Regularizar la publicidad en vía regula el espacio público vial.
C225,Actualizar el plan maestro de publicidad exterior de la ciudad (estudio de factibilidad por zonas),SM Ciudad Productiva,Regulacion del Espacio Publico,Regulacion del Espacio Publico,Parqueo y Control del Espacio Publico Vial,Alto,Actualizar el plan maestro de publicidad exterior regula el espacio público.
C228,Establecer la limpieza periódica (cada 6 meses) del Mercado Bolívar,SM Ciudad Productiva,"Mi Mercado, Mi Comunidad: Red de Mercados Dignos",Proyecto paraguas (operativo/protocolar/interno),-,Suelto,Limpieza periódica de mercado: mantenimiento operativo recurrente.
C230,Impulsar el programa 'La Paz sin petardos' y hacer cumplir la normativa,SM Ciudad Productiva,Patitas Seguras: Veterinarias comunitarias y adopcion responsable,Proyecto paraguas (operativo/protocolar/interno),-,Suelto,Campaña de cumplimiento normativo ('sin petardos'): sin proyecto específico en el catálogo.
C242,Establecer el lavado y la fumigación periódica (2 veces al año) del Mercado Kollasuyo,SM Ciudad Productiva,"Mi Mercado, Mi Comunidad: Red de Mercados Dignos",Proyecto paraguas (operativo/protocolar/interno),-,Suelto,Lavado y fumigación periódica de mercado: mantenimiento operativo recurrente.
C244,"Diagnosticar y reactivar el CITE de Joyería (certificación, refacción, personal y uso del equipamiento)",SM Ciudad Productiva,Instituto Municipal de Emprendimiento,Instituto Municipal de Emprendimiento,Ecosistema Municipal del Emprendimiento,Alto,Diagnosticar y reactivar el CITE de Joyería fortalece el ecosistema de emprendimiento productivo.
C095,Evaluar el estado y el proceso de cierre técnico del ex botadero del Parque 3600,SM Ciudad Verde,Nueva Planta de Tratamiento,Nueva Planta de Tratamiento,Gestion Integral de Residuos Solidos,Medio,"Cierre técnico del ex botadero del Parque 3600: podría ser remediación de residuos, gestión de riesgo o el futuro parque; requiere definición de la secretaría."
C151,Reinstalar las cámaras y recalibrar la báscula del ex relleno de Mallasa,SM Ciudad Verde,Nueva Planta de Tratamiento,Proyecto paraguas (operativo/protocolar/interno),-,Suelto,Reinstalar cámaras y recalibrar báscula de relleno clausurado: control operativo.
C152,Conformar y estabilizar los taludes y el lixiviado del ex relleno de Mallasa,SM Ciudad Verde,Nueva Planta de Tratamiento,Proyecto paraguas (operativo/protocolar/interno),-,Suelto,Estabilización de taludes/lixiviado de relleno clausurado: remediación sin proyecto específico en el catálogo.
C159,Crear rutas accesibles diferenciadas y áreas de descanso en el bioparque Vesty Pakos,SM Ciudad Verde,Refugios y Santuarios,"Ruta Inclusiva: Calles, plazas y servicios para todos.",Ciudad Inclusiva con Discapacidad,Alto,"Rutas accesibles y áreas de descanso responden a accesibilidad universal, no a refugios de fauna."
C160,Retomar el convenio con la ONG WCS para el bioparque Vesty Pakos,SM Ciudad Verde,Refugios y Santuarios,Refugios y Santuarios,Biodiversidad Urbana y Proteccion de Fauna Silvestre,Alto,Retomar el convenio con la ONG conserva la fauna del bioparque.
C166,Reubicar el contenedor de basura del Mercado Rodríguez que contamina los alimentos,SM Ciudad Verde,Basura Cero: Comunidad que separa y reduce,Proyecto paraguas (operativo/protocolar/interno),-,Suelto,Reubicación puntual de un contenedor: acción operativa.
C192,Resolver la situación laboral de los trabajadores del relleno de Alpacoma,SM Ciudad Verde,La Paz Recicla con Dignidad: Red de recicladores y educacion urbana,Proyecto paraguas (operativo/protocolar/interno),-,Suelto,Resolución de la situación laboral de trabajadores: asunto administrativo/interno.
C193,"Implementar el control de peso, calidad y humedad de los residuos en el relleno de Alpacoma",SM Ciudad Verde,Basura Cero: Comunidad que separa y reduce,Proyecto paraguas (operativo/protocolar/interno),-,Suelto,Control operativo de peso/calidad de residuos en el relleno: gestión operativa.
C194,"Ejecutar el mantenimiento, la estabilización y las obras urgentes del relleno de Alpacoma",SM Ciudad Verde,Nueva Planta de Tratamiento,Proyecto paraguas (operativo/protocolar/interno),-,Suelto,Mantenimiento y obras de un relleno clausurado: remediación sin proyecto específico en el catálogo.
C022,"Organizar la carrera pedestre 5K, 10K y 21K de las fiestas julias",SM Ciudad Vital,Barrio Activo: Circuitos deportivos barriales,Proyecto paraguas (operativo/protocolar/interno),-,Suelto,Evento deportivo puntual (carrera): actividad protocolar sin proyecto específico.
C043,Programa de salud preventiva domiciliaria para adultos mayores,SM Ciudad Vital,Red de Salud Inteligente de Barrio,Red de Salud Inteligente de Barrio,Salud Inteligente y Preventiva,Alto,La salud preventiva domiciliaria calza en la red de salud inteligente y preventiva.
C044,Garantizar el abastecimiento de medicamentos en los centros de salud,SM Ciudad Vital,Clinicas de Vida: Salud donde vives,Clinicas de Vida: Salud donde vives,Salud Primaria Integral,Alto,Garantizar el abastecimiento de medicamentos es provisión de salud primaria.
C046,Dotar personal y especialidades al Centro de Salud El Vergel,SM Ciudad Vital,Clinicas de Vida: Salud donde vives,Clinicas de Vida: Salud donde vives,Salud Primaria Integral,Alto,Dotar personal y especialidades fortalece la atención de salud primaria.
C066,Mostrar en dos semanas el software de trámites digitales desde el celular,SM Ciudad Vital,Municipio Inteligente y Humano,Municipio Inteligente y Humano,Transformacion Digital Ciudadana,Alto,El software de trámites digitales desde el celular es transformación digital municipal.
C070,"Gestionar recursos para reparar la piscina, el área de gimnasia y la cancha de básquet",SM Ciudad Vital,Barrio Activo: Circuitos deportivos barriales,Barrio Activo: Circuitos deportivos barriales,Deporte para la Vida,Alto,Reparar la piscina y áreas deportivas rehabilita infraestructura de deporte comunitario.
C084,Corregir las deficiencias operativas del Hospital La Portada,SM Ciudad Vital,Clinicas de Vida: Salud donde vives,Clinicas de Vida: Salud donde vives,Salud Primaria Integral,Alto,Corregir deficiencias operativas del hospital mejora la salud primaria municipal.
C085,Poner en pleno uso y al día el mantenimiento del tomógrafo del Hospital La Portada,SM Ciudad Vital,Clinicas de Vida: Salud donde vives,Clinicas de Vida: Salud donde vives,Salud Primaria Integral,Alto,Poner en uso y mantener el tomógrafo equipa el hospital de salud primaria.
C087,Equipar las ambulancias municipales y eliminar el cobro del servicio,SM Ciudad Vital,Red de Salud Familiar,Red de Salud Familiar,Salud Primaria Integral,Alto,Equipar ambulancias y eliminar su cobro fortalece la red de salud familiar.
C089,Instituir inspecciones sorpresa periódicas a los hospitales y centros de salud municipales,SM Ciudad Vital,Clinicas de Vida: Salud donde vives,Clinicas de Vida: Salud donde vives,Salud Primaria Integral,Alto,Las inspecciones sorpresa aseguran la calidad de la red de salud primaria.
C106,Eliminar los cobros indebidos de prestaciones del SUS en el Hospital La Paz,SM Ciudad Vital,Clinicas de Vida: Salud donde vives,Clinicas de Vida: Salud donde vives,Salud Primaria Integral,Alto,Eliminar cobros indebidos del SUS garantiza el acceso gratuito a la salud primaria.
C108,Renovar el equipamiento obsoleto del Hospital La Paz,SM Ciudad Vital,Clinicas de Vida: Salud donde vives,Clinicas de Vida: Salud donde vives,Salud Primaria Integral,Alto,Renovar el equipamiento obsoleto reequipa el hospital de salud primaria.
C111,Implementar los hospitales móviles de salud preventiva para la mujer,SM Ciudad Vital,Red de Salud Inteligente de Barrio,Red de Salud Inteligente de Barrio,Salud Inteligente y Preventiva,Alto,Los hospitales móviles de salud preventiva calzan en la salud inteligente y preventiva.
C143,Rehabilitar y reponer los servicios del complejo deportivo Luis Lastra,SM Ciudad Vital,Barrio Activo: Circuitos deportivos barriales,Barrio Activo: Circuitos deportivos barriales,Deporte para la Vida,Alto,Rehabilitar el complejo Luis Lastra recupera infraestructura de deporte comunitario.
C163,Estabilizar e intervenir la cancha Venus (césped sintético e iluminación) y apoyar las escuelas de fútbol,SM Ciudad Vital,Barrio Activo: Circuitos deportivos barriales,Barrio Activo: Circuitos deportivos barriales,Deporte para la Vida,Alto,Intervenir la cancha Venus y apoyar escuelas de fútbol es deporte comunitario.
C206,Ejecutar el plan de intervención integral de la piscina de Orcojahuira (San Antonio),SM Ciudad Vital,Barrio Activo: Circuitos deportivos barriales,Barrio Activo: Circuitos deportivos barriales,Deporte para la Vida,Alto,Intervenir integralmente la piscina de Orcojahuira rehabilita infraestructura deportiva.
C216,Devolver los cobros indebidos a los 87 pacientes y eliminar el cobro de certificados e informes médicos en el Hospital Los Pinos,SM Ciudad Vital,Clinicas de Vida: Salud donde vives,Clinicas de Vida: Salud donde vives,Salud Primaria Integral,Alto,Devolver cobros indebidos y eliminar cobros garantiza el acceso a la salud primaria.
C221,Regularizar el derecho propietario del inmueble del Centro de Salud de Tembladerani,SM Ciudad Vital,Tu Terreno Cuenta: Regularizacion con justicia social,Tu Terreno Cuenta: Regularizacion con justicia social,Catastro Moderno y Justicia Urbana,Alto,Regularizar el derecho propietario del centro de salud es catastro y justicia urbana.
C236,Reutilizar los equipos médicos dados de baja e implementar el mantenimiento biomédico (convenio U. Católica),SM Ciudad Vital,Red de Salud Inteligente de Barrio,Red de Salud Inteligente de Barrio,Salud Inteligente y Preventiva,Alto,El mantenimiento biomédico de equipos fortalece la salud inteligente y preventiva.
C238,"Rehabilitar el frontón/complejo deportivo de San Antonio (baños, electricidad, canchas y parqueo)",SM Ciudad Vital,Barrio Activo: Circuitos deportivos barriales,Barrio Activo: Circuitos deportivos barriales,Deporte para la Vida,Alto,Rehabilitar el frontón/complejo deportivo recupera infraestructura de deporte comunitario.
C239,Resolver el asentamiento estructural del Centro de Salud de Villa Armonía,SM Ciudad Vital,Infraestructura de Centros de Salud y Educacion,Infraestructura de Centros de Salud y Educacion,Equipamiento y Servicios Urbanos,Alto,Resolver el asentamiento estructural del centro de salud es infraestructura de salud.
C253,Instalar césped sintético e iluminación en las canchas del Parque de las Cebras,SM Ciudad Vital,Barrio Activo: Circuitos deportivos barriales,Barrio Activo: Circuitos deportivos barriales,Deporte para la Vida,Alto,Instalar césped e iluminación en canchas es infraestructura de deporte comunitario.
C029,Reponer el control de tránsito y reforzar la Defensoría de la Niñez en la Terminal Minasa,SM Ciudad de Cuidados y Derechos,Casas de Proteccion Integral,Casas de Proteccion Integral,Infancia y Adolescencia Protegida,Alto,Reforzar la Defensoría de la Niñez en la terminal es protección de la infancia.
C073,Habilitar el salón interior de Obrajes para zumba y yoga de la tercera edad,SM Ciudad de Cuidados y Derechos,Clubes de Movimiento y Memoria,Clubes de Movimiento y Memoria,Ciudad Longeva y Activa,Alto,Habilitar el salón para zumba y yoga de la tercera edad es club de movimiento y memoria.
C122,Separar los equipos de SLIM y DNA en las plataformas de atención,SM Ciudad de Cuidados y Derechos,Ciudad de La Mujer,Ciudad de La Mujer,Ciudad Segura para las Mujeres,Alto,Separar los equipos SLIM/DNA especializa la atención a mujeres víctimas.
C123,Aumentar el personal de las defensorías vía convenios con universidades,SM Ciudad de Cuidados y Derechos,Ciudad de La Mujer,Ciudad de La Mujer,Ciudad Segura para las Mujeres,Alto,Aumentar el personal de las defensorías fortalece las plataformas de atención a la mujer.
C125,Convertir los SLIM a atención 24/7 por equipos,SM Ciudad de Cuidados y Derechos,Ciudad de La Mujer,Ciudad de La Mujer,Ciudad Segura para las Mujeres,Alto,Convertir los SLIM a atención 24/7 amplía el servicio a mujeres víctimas.
C127,Gestionar un fiscal e investigador asignados a las plataformas SLIM,SM Ciudad de Cuidados y Derechos,Ciudad de La Mujer,Ciudad de La Mujer,Ciudad Segura para las Mujeres,Alto,Gestionar fiscal e investigador articula la justicia para víctimas en el SLIM.
C128,Digitalizar los casos de las defensorías,SM Ciudad de Cuidados y Derechos,Ciudad de La Mujer,Ciudad de La Mujer,Ciudad Segura para las Mujeres,Alto,Digitalizar los casos fortalece la gestión de la atención a mujeres víctimas.
C129,Fortalecer los albergues y crear la red de protección para víctimas,SM Ciudad de Cuidados y Derechos,Ciudad de La Mujer,Ciudad de La Mujer,Ciudad Segura para las Mujeres,Alto,Fortalecer albergues y la red de protección atiende a las mujeres víctimas.
C130,Brindar contención psicológica al personal de las defensorías,SM Ciudad de Cuidados y Derechos,Centros Distritales de Salud Mental,Proyecto paraguas (operativo/protocolar/interno),-,Suelto,Contención psicológica al personal: bienestar laboral interno.
C132,Descentralizar el centro de terapia a las plataformas,SM Ciudad de Cuidados y Derechos,Centros Distritales de Salud Mental,Centros Distritales de Salud Mental,Salud Mental Comunitaria,Alto,Descentralizar el centro de terapia a las plataformas acerca la salud mental comunitaria.
C150,Desburocratizar las denuncias e implementar la sanción directa en la Casa de la Mascota,SM Ciudad de Cuidados y Derechos,Patitas Seguras: Veterinarias comunitarias y adopcion responsable,Patitas Seguras: Veterinarias comunitarias y adopcion responsable,Ciudad Protectora de Animales,Alto,Desburocratizar denuncias y sanción directa mejora la protección animal.
C181,"Mejorar los servicios de atención del edificio del Mercado Camacho (adulto mayor, guardería y discapacidad)",SM Ciudad de Cuidados y Derechos,Casas Distritales del Adulto Mayor,Tejiendo Cuidados: Espacios de encuentro entre generaciones.,Redes de Cuidado Intergeneracional,Alto,"El edificio presta servicios de cuidado a varias poblaciones (adulto mayor, guardería, discapacidad): redes de cuidado."
C182,Rehabilitar y poner en funcionamiento el albergue municipal de la calle Chuquisaca,SM Ciudad de Cuidados y Derechos,Casas de Proteccion Integral,Casas de Proteccion Integral,Infancia y Adolescencia Protegida,Alto,Rehabilitar y abrir el albergue municipal brinda protección a población en situación de calle.
C183,Corregir el sistema de atención de la línea de emergencia contra la violencia,SM Ciudad de Cuidados y Derechos,Alertas Comunitarias contra la Violencia,Alertas Comunitarias contra la Violencia,Red Distrital de Justicia y Mediacion Barrial,Alto,Corregir la línea de emergencia contra la violencia es alerta comunitaria contra la violencia.
C184,"Habilitar un albergue de invierno de emergencia para mujeres, niños y personas en situación de calle",SM Ciudad de Cuidados y Derechos,Casas de Proteccion Integral,Casas de Proteccion Integral,Infancia y Adolescencia Protegida,Alto,"Habilitar el albergue de invierno protege a mujeres, niños y personas en situación de calle."
C190,Rehabilitar y abrir el albergue Zenobio López para personas en situación de calle,SM Ciudad de Cuidados y Derechos,Casas de Proteccion Integral,Casas de Proteccion Integral,Infancia y Adolescencia Protegida,Alto,Rehabilitar y abrir el albergue Zenobio López protege a personas en situación de calle.
C191,"Extender el programa de alimentación a personas en situación de calle, adultos mayores y de bajos recursos",SM Ciudad de Cuidados y Derechos,Casas Distritales del Adulto Mayor,Casas Distritales del Adulto Mayor,Ciudad Longeva y Activa,Medio,"Programa de alimentación para varias poblaciones vulnerables (calle, adulto mayor, bajos recursos): no calza en un proyecto único del catálogo."
C001,Realizar la Larga Noche de Museos el 11 de julio de 2026,"SM Cultura, Turismo y Econ. Naranja",La noche Blanca,La noche Blanca,Ciudad Vivencial Comunitaria y Laboratorios Culturales,Alto,La Larga Noche de Museos es la Noche Blanca cultural del catálogo.
C003,Preparar los museos de la calle Jaén como salas de exhibición para las fiestas julias,"SM Cultura, Turismo y Econ. Naranja",Intervención de Calle Jaén y alrededores,Intervención de Calle Jaén y alrededores,Rehabilitación de Barrios Históricos,Alto,Acondicionar los museos de la calle Jaén activa el circuito patrimonial de Jaén.
C011,Presentar la Marca Ciudad de La Paz,"SM Cultura, Turismo y Econ. Naranja",La Paz Se Vive: Rutas humanas y patrimoniales,La Paz Se Vive: Rutas humanas y patrimoniales,Turismo de Altura,Alto,Presentar la Marca Ciudad posiciona el turismo y la identidad de La Paz.
C053,Entregar las plazas al folklore como espacios de ensayo,"SM Cultura, Turismo y Econ. Naranja",Red de Cultura Viva Barrial,Red de Cultura Viva Barrial,Culturas para la Vida,Alto,Entregar plazas como espacios de ensayo fortalece la cultura viva barrial.
C057,Realizar la verbena paceña en la Plaza Mayor de San Francisco cuidando el patrimonio,"SM Cultura, Turismo y Econ. Naranja",Festival de la Paz,Festival de la Paz,Culturas para la Vida,Alto,La verbena en la Plaza San Francisco es el Festival de la Paz.
C058,Coordinar con la Asociación de Folkloristas un programa para posicionar la marca ciudad,"SM Cultura, Turismo y Econ. Naranja",Red de Cultura Viva Barrial,Red de Cultura Viva Barrial,Culturas para la Vida,Alto,Articular con folkloristas para posicionar la marca es cultura viva barrial.
C065,Socializar con los negocios la propuesta de letrero único en inmuebles patrimoniales,"SM Cultura, Turismo y Econ. Naranja",Registro Patrimonial + Intervencion de Barrios,Registro Patrimonial + Intervencion de Barrios,Patrimonio para el Futuro,Alto,El letrero único en inmuebles patrimoniales es gestión del patrimonio.
C075,"Compartir con el equipo los documentos del estudio de la marca ciudad 'La Paz, Capital del Cielo'","SM Cultura, Turismo y Econ. Naranja",La Paz Se Vive: Rutas humanas y patrimoniales,Proyecto paraguas (operativo/protocolar/interno),-,Suelto,Compartir documentos del estudio internamente: acción operativa interna.
C077,Restituir el POA exclusivo de la Banda Municipal Eduardo Caba,"SM Cultura, Turismo y Econ. Naranja",Escuelas Municipales de Arte,Escuelas Municipales de Arte,Culturas para la Vida,Alto,Restituir el POA de la Banda Municipal sostiene una agrupación artística municipal.
C080,Gestionar ambiente propio e institucionalización de la Banda Eduardo Caba,"SM Cultura, Turismo y Econ. Naranja",Escuelas Municipales de Arte,Escuelas Municipales de Arte,Culturas para la Vida,Alto,Institucionalizar y dar ambiente a la Banda fortalece la agrupación artística municipal.
C082,Crear el reglamento de asignación de escenarios municipales (riesgo compartido),"SM Cultura, Turismo y Econ. Naranja",Escenarios Abiertos: Cultura al aire libre,Escenarios Abiertos: Cultura al aire libre,Infraestructura Cultural y Recreativa,Alto,El reglamento de asignación de escenarios ordena el uso de los escenarios culturales.
C210,Recuperar las bibliotecas municipales cedidas y rehabilitar la de Achachicala,"SM Cultura, Turismo y Econ. Naranja",Centros Culturales Barriales,Centros Culturales Barriales,Infraestructura Cultural y Recreativa,Alto,Recuperar y rehabilitar bibliotecas es infraestructura cultural barrial.
C211,Digitalizar y conservar el acervo patrimonial de la Biblioteca Municipal,"SM Cultura, Turismo y Econ. Naranja",Memoria Viva: Adopta tu Patrimonio,Memoria Viva: Adopta tu Patrimonio,Patrimonio para el Futuro,Alto,Digitalizar y conservar el acervo protege el patrimonio.
C212,Incrementar el presupuesto de la Biblioteca Municipal para la compra de libros y la conservación,"SM Cultura, Turismo y Econ. Naranja",Centros Culturales Barriales,Centros Culturales Barriales,Infraestructura Cultural y Recreativa,Alto,Incrementar el presupuesto de la biblioteca fortalece la infraestructura cultural.
C214,Implementar una tarjeta única de acceso a los museos municipales,"SM Cultura, Turismo y Econ. Naranja",La Paz Se Vive: Rutas humanas y patrimoniales,La Paz Se Vive: Rutas humanas y patrimoniales,Turismo de Altura,Alto,La tarjeta única de acceso a museos impulsa el turismo cultural.
C229,Reparar la filtración de humedad y renovar el sistema eléctrico de la Biblioteca Municipal (hemeroteca),"SM Cultura, Turismo y Econ. Naranja",Mejoras en zonas patrimoniales,Mejoras en zonas patrimoniales,Rehabilitación de Barrios Históricos,Alto,Reparar la humedad y el sistema eléctrico interviene un edificio patrimonial.
C060,Acelerar la ejecución del POA en todos los barrios,SM Gestión Eficiente,POA Visual Participativo,Proyecto paraguas (operativo/protocolar/interno),-,Suelto,Acelerar la ejecución del POA es gestión interna de ejecución presupuestaria.
C231,Evaluar y reforzar la estructura metálica del Parque Urbano Central (desequilibrada),SM Gestión Eficiente,Parque Urbano Central + Mercado Patrimonial,Parque Urbano Central + Mercado Patrimonial,Turismo de Altura,Alto,Reforzar la estructura metálica es directamente el proyecto del Parque Urbano Central.
C062,Atender problema de desplazamiento y planos en Callapa,Subalcaldías,Proteccion de Areas de Riesgo,Proteccion de Areas de Riesgo,Gestion del Suelo y Asentamientos Seguros,Alto,Atender el desplazamiento y planos en Callapa es protección de área de riesgo.
C091,Paralizar y hacer cumplir la paralización de las construcciones no autorizadas en el Parque 3600 y el Teatrín,Subalcaldías,Proteccion de Areas de Riesgo,Proteccion de Areas de Riesgo,Gestion del Suelo y Asentamientos Seguros,Alto,Paralizar construcciones no autorizadas en zona de riesgo protege el área de riesgo.
C120,Inspeccionar y corregir el riesgo eléctrico del Colegio Chumán,Subalcaldías,Plan de Rehabilitacion Escolar,Plan de Rehabilitacion Escolar,Infraestructura y Equipamiento Educativo,Alto,Corregir el riesgo eléctrico del colegio es rehabilitación escolar.
C138,Reparar las aceras de la ruta del Gran Poder por acción comunal con la asociación de carpinteros,Subalcaldías,Caminabilidad Distrital,Caminabilidad Distrital,Movilidad Urbana Sostenible,Alto,Reparar aceras de la ruta del Gran Poder mejora la caminabilidad.
C162,"Reponer las afectaciones de la obra en Pampajasí (vía, cámaras, viviendas y cableado)",Subalcaldías,Vias Distritales de Conexion,Vias Distritales de Conexion,Infraestructura Vial Estrategica,Alto,Reponer vía y servicios tras la obra en Pampajasí es infraestructura vial distrital.
C169,Resolver los 400 trámites parados en la Subalcaldía Sur,Subalcaldías,Municipio Inteligente y Humano,Proyecto paraguas (operativo/protocolar/interno),-,Suelto,Destrabe operativo de trámites acumulados: gestión administrativa.
C171,Dar mantenimiento al edificio patrimonial de la Subalcaldía Sur,Subalcaldías,Mejoras en zonas patrimoniales,Mejoras en zonas patrimoniales,Rehabilitacion de Barrios Historicos,Alto,Mantener el edificio patrimonial de la subalcaldía interviene una zona patrimonial.
C173,Destrabar los trámites parados en la Subalcaldía Max Paredes,Subalcaldías,Municipio Inteligente y Humano,Proyecto paraguas (operativo/protocolar/interno),-,Suelto,Destrabe operativo de trámites acumulados: gestión administrativa.
C187,Reparar las aceras de Miraflores por acción comunal con los vecinos,Subalcaldías,Caminabilidad Distrital,Caminabilidad Distrital,Movilidad Urbana Sostenible,Alto,Reparar aceras de Miraflores mejora la caminabilidad.
C200,Impulsar la reactivación económica de La Paz: feria 'Reactiva la Paz' y mesa metropolitana público-privada,Subalcaldías,Feria Metropolitana de Vocaciones,Feria Metropolitana de Vocaciones,"Planificacion Productiva, Competitividad y Oportunidades Territoriales",Alto,La feria Reactiva la Paz y la mesa público-privada impulsan las vocaciones productivas.
C226,Realizar la limpieza y el mantenimiento de la acera de la avenida Costanera (Las Cholas),Subalcaldías,Caminabilidad Distrital,Caminabilidad Distrital,Movilidad Urbana Sostenible,Alto,Limpiar y mantener la acera de la Costanera mejora la caminabilidad.
C247,"Rehabilitar los servicios de la zona afectada de Valle de las Flores (energía/alumbrado, vía y poste)",Subalcaldías,Vias Distritales de Conexion,Vias Distritales de Conexion,Infraestructura Vial Estrategica,Alto,Reponer vía y servicios tras el deslizamiento es infraestructura vial distrital.
C248,Resolver el drenaje y construir el muro de contención en la caja matriz del Parque de las Cebras,Subalcaldías,Infraestructura de Drenaje Verde,Infraestructura de Drenaje Verde,Adaptacion Climatica Urbana y Gestion Hidrica,Alto,Resolver el drenaje y el muro de contención es infraestructura de drenaje.
C250,"Retirar de inmediato los fierros sueltos, tapar huecos y asegurar cables en el Parque de las Cebras",Subalcaldías,Parques Renovados con Comunidades,Parques Renovados con Comunidades,Areas Verdes y Parques Urbanos,Alto,"Retirar fierros, tapar huecos y asegurar cables rehabilita el parque con la comunidad."
C251,Habilitar la puerta principal del Parque de las Cebras,Subalcaldías,Parques Renovados con Comunidades,Parques Renovados con Comunidades,Areas Verdes y Parques Urbanos,Alto,Habilitar la puerta principal es parte de la renovación del parque.
C252,Reubicar o retirar los juegos en mal estado y las plantas mal ubicadas del Parque de las Cebras,Subalcaldías,Parques Renovados con Comunidades,Parques Renovados con Comunidades,Areas Verdes y Parques Urbanos,Alto,Reubicar juegos y vegetación renueva el parque con la comunidad.
