Código,Compromiso,Eje,Lugar,Proyecto sugerido,Programa,Nivel de encaje,Nota
C001,Realizar la Larga Noche de Museos el 11 de julio de 2026,Ciudad Cultural y Turística,"Calle Jaén, La Paz (centro histórico)",La noche Blanca,Ciudad Vivencial Comunitaria y Laboratorios Culturales,Alto,Evento cultural nocturno de museos. | afinado: La Larga Noche de Museos es la Noche Blanca cultural del catálogo.
C002,Crear un nuevo museo patrimonial en el centenario del Palacio Consistorial,Ciudad Cultural y Turística,"Calle Jaén, La Paz (centro histórico)",Memoria Viva: Adopta tu Patrimonio,Patrimonio para el Futuro,Alto,Nuevo museo patrimonial en edificio histórico.
C003,Preparar los museos de la calle Jaén como salas de exhibición para las fiestas julias,Ciudad Cultural y Turística,"Calle Jaén, La Paz (centro histórico)",Intervención de Calle Jaén y alrededores,Rehabilitación de Barrios Históricos,Alto,Acondicionamiento de museos de la calle Jaén. | afinado: Acondicionar los museos de la calle Jaén activa el circuito patrimonial de Jaén.
C004,Ejecutar la agenda de julio con 165 actividades de reactivación económica,Ciudad Productiva,"Calle Jaén, La Paz (centro histórico)",Agenda Viva de la Ciudad,Fortalecimiento Institucional y Gestión Interna (paraguas CMI),Paraguas,Agenda de reactivación económica. | afinado: Agenda protocolar de 165 actividades de gabinete: no es un proyecto definido del Plan.
C005,Reprogramar el presupuesto para sostener el servicio Pumakatari hasta fin de año,Ciudad Conectada,"Calle Jaén, La Paz (centro histórico)",Finanzas Sanas,Fortalecimiento Institucional y Gestión Interna (paraguas CMI),Paraguas,Reprogramación presupuestaria operativa.
C006,Implementar ruta anti-trameaje y brigadas de reacción inmediata para el Pumakatari,Ciudad Conectada,"Calle Jaén, La Paz (centro histórico)",Rutas Integradas Inteligentes,Ordenamiento del Transporte Publico Colectivo,Alto,Anti-trameaje y reacción en el Pumakatari. | afinado: La ruta anti-trameaje y las brigadas ordenan el transporte público del Pumakatari.
C007,Solicitar información a la empresa de recojo de residuos sólidos para evaluar sus tarifas,Ciudad Verde,"Calle Jaén, La Paz (centro histórico)",Finanzas Sanas,Fortalecimiento Institucional y Gestión Interna (paraguas CMI),Paraguas,"Evaluación de tarifas de aseo/residuos. | afinado: Solicitud de información regulatoria para evaluar tarifas: tarea de supervisión, no ejecuta proyecto."
C008,Reducir personal supernumerario e ítems fantasma en el servicio Pumakatari,Ciudad Conectada,"Calle Jaén, La Paz (centro histórico)",Empresa Ciudad Humana: Servicios que transforman,Empresas Publicas Eficientes,Alto,Reingeniería de personal del servicio de transporte. | afinado: Reducir ítems fantasma y supernumerarios hace eficiente la empresa/servicio de transporte.
C009,Gestionar mecanismos de flexibilidad presupuestaria ante el tipo de cambio flexible,Ciudad Eficiente y Transparente,"Calle Jaén, La Paz (centro histórico)",Finanzas Sanas,Fortalecimiento Institucional y Gestión Interna (paraguas CMI),Paraguas,Gestión financiera coyuntural.
C010,Reabrir al público el Parque Laikacota tras su reactivación,Ciudad Verde,,Parques Renovados con Comunidades,Areas Verdes y Parques Urbanos,Alto,Reactivación del Parque Laikacota.
C011,Presentar la Marca Ciudad de La Paz,Ciudad Cultural y Turística,,La Paz Se Vive: Rutas humanas y patrimoniales,Turismo de Altura,Alto,Marca ciudad / posicionamiento turístico. | afinado: Presentar la Marca Ciudad posiciona el turismo y la identidad de La Paz.
C012,Organizar los desfiles cívicos unificados del 14 y 15 de julio,Ciudad Cultural y Turística,,Agenda Viva de la Ciudad,Fortalecimiento Institucional y Gestión Interna (paraguas CMI),Paraguas,Evento cívico protocolar puntual.
C013,Convocar a los 11 concejales al diálogo para restablecer el Concejo Municipal,Ciudad Eficiente y Transparente,,Casa Ordenada,Fortalecimiento Institucional y Gestión Interna (paraguas CMI),Paraguas,Gestión política institucional.
C014,Presentar los más de 100 proyectos de ley municipales al Concejo,Ciudad Eficiente y Transparente,,Paragua Normativo para el Desarrollo,Normativa Urbana y Convenios,Alto,"Paquete de proyectos de ley municipales. | afinado: El paquete de proyectos de ley se enmarca en el paraguas normativo, no en un portal de normas."
C015,Cambiar el vidrio de la entrada de la oficina del despacho,Tareas operativas,,Casa Ordenada,Fortalecimiento Institucional y Gestión Interna (paraguas CMI),Paraguas,Tarea operativa menor.
C016,Iniciar el cambio de luminarias a luces LED en la ciudad de La Paz,Ciudad Planificada y Habitable,"Plaza Alonso de Mendoza (Churubamba), La Paz",Alumbrado Solar Distrital,Energias Renovables y Eficiencia Energetica,Alto,"Recambio a luminarias LED (cross-eje, por alumbrado). | afinado: El recambio a luminarias LED es eficiencia energética del alumbrado público."
C017,Iniciar el proyecto de Ciudad Inteligente,Ciudad Inteligente,"Plaza Alonso de Mendoza (Churubamba), La Paz",Red de Datos Urbanos,Ciudad Inteligente,Alto,Proyecto de ciudad inteligente.
C018,Iniciar la industrialización de los residuos sólidos,Ciudad Verde,"Plaza Alonso de Mendoza (Churubamba), La Paz",Nueva Planta de Tratamiento,Gestion Integral de Residuos Solidos,Alto,Industrialización de residuos sólidos.
C019,Iniciar el programa de mejoramiento de calles de La Paz,Ciudad Planificada y Habitable,"Plaza Alonso de Mendoza (Churubamba), La Paz","Intervenciones integrales: iluminacion, escaleras, calles",Regeneracion y Mejora Integral de Barrios,Alto,Programa de mejoramiento de calles.
C020,Lanzar el programa de Turismo de Altura (hub del turismo andino),Ciudad Cultural y Turística,"Plaza Alonso de Mendoza (Churubamba), La Paz",La Paz Se Vive: Rutas humanas y patrimoniales,Turismo de Altura,Alto,"Programa Turismo de Altura, encaje directo."
C021,Reglamentar e iniciar el embanderamiento de la ciudad de La Paz,Ciudad Productiva,"Plaza Alonso de Mendoza (Churubamba), La Paz",Agenda Viva de la Ciudad,Fortalecimiento Institucional y Gestión Interna (paraguas CMI),Paraguas,Acto cívico operativo (embanderamiento).
C022,"Organizar la carrera pedestre 5K, 10K y 21K de las fiestas julias",Ciudad Vital,"Plaza Alonso de Mendoza (Churubamba), La Paz",Casa Ordenada,Fortalecimiento Institucional y Gestión Interna (paraguas CMI),Paraguas,Evento deportivo (carrera pedestre). | afinado: Evento deportivo puntual (carrera): actividad protocolar sin proyecto específico.
C023,Realizar el estudio geológico y de suelos del terreno de la Terminal Minasa,Ciudad Conectada,"Terminal Minasa (Villa Fátima), La Paz",Terminales Metropolitanas,Control del Transporte Interciudad y Fronteras Urbanas,Alto,Estudio para nueva Terminal Minasa.
C024,Emitir un informe técnico-legal sobre el convenio 2012 con los transportistas de Minasa,Ciudad Conectada,"Terminal Minasa (Villa Fátima), La Paz",Terminales Metropolitanas,Control del Transporte Interciudad y Fronteras Urbanas,Alto,Convenio de terminal interprovincial. | afinado: El informe técnico-legal del convenio ordena la terminal interprovincial Minasa.
C025,Elaborar el proyecto de la nueva Terminal Minasa con un especialista en terminales,Ciudad Conectada,"Terminal Minasa (Villa Fátima), La Paz",Terminales Metropolitanas,Control del Transporte Interciudad y Fronteras Urbanas,Alto,Proyecto de nueva Terminal Minasa.
C026,Buscar un terreno alternativo para la Terminal Minasa,Ciudad Conectada,"Terminal Minasa (Villa Fátima), La Paz",Terminales Metropolitanas,Control del Transporte Interciudad y Fronteras Urbanas,Alto,Terreno para terminal. | afinado: Buscar terreno alternativo materializa la reubicación de la terminal Minasa.
C027,Reunirse con el sector transporte y el sector comercio de la Terminal Minasa,Ciudad Conectada,"Terminal Minasa (Villa Fátima), La Paz",Terminales Metropolitanas,Control del Transporte Interciudad y Fronteras Urbanas,Alto,Diálogo sectorial de terminal. | afinado: El diálogo sectorial es parte del proceso de reordenamiento de la terminal Minasa.
C028,Mejorar las condiciones del comedor y los puestos de las comerciantes de Minasa,Ciudad Conectada,"Terminal Minasa (Villa Fátima), La Paz",Terminales Metropolitanas,Control del Transporte Interciudad y Fronteras Urbanas,Alto,Comercio dentro de la terminal. | afinado: Mejorar comedor y puestos de comerciantes es parte del reordenamiento de la terminal.
C029,Reponer el control de tránsito y reforzar la Defensoría de la Niñez en la Terminal Minasa,Ciudad de Cuidados y Derechos,"Terminal Minasa (Villa Fátima), La Paz",Casas de Proteccion Integral,Infancia y Adolescencia Protegida,Alto,Defensoría de la Niñez en terminal. | afinado: Reforzar la Defensoría de la Niñez en la terminal es protección de la infancia.
C030,Rediseñar la estrategia de comunicación municipal con enfoque proactivo,Ciudad Eficiente y Transparente,,La Paz Comunica,Fortalecimiento Institucional y Gestión Interna (paraguas CMI),Paraguas,Comunicación institucional operativa.
C031,"Ejecutar el plan de comunicación del programa de aniversario (31 días, 165 actividades)",Ciudad Eficiente y Transparente,,La Paz Comunica,Fortalecimiento Institucional y Gestión Interna (paraguas CMI),Paraguas,Plan comunicacional puntual.
C033,Definir la estrategia comunicacional frente al pedido de revocatorio,Ciudad Eficiente y Transparente,,La Paz Comunica,Fortalecimiento Institucional y Gestión Interna (paraguas CMI),Paraguas,Estrategia comunicacional coyuntural.
C034,Crear la sala de crisis comunicacional,Ciudad Eficiente y Transparente,,La Paz Comunica,Fortalecimiento Institucional y Gestión Interna (paraguas CMI),Paraguas,"Comunicación de crisis, operativo."
C035,Montar el sistema de escucha social (sondeos y lectura de comentarios),Ciudad Eficiente y Transparente,,La Paz Comunica,Fortalecimiento Institucional y Gestión Interna (paraguas CMI),Paraguas,Escucha social comunicacional.
C036,Crear la identidad musical de la marca ciudad y de los videos municipales,Ciudad Cultural y Turística,,La Paz Comunica,Fortalecimiento Institucional y Gestión Interna (paraguas CMI),Paraguas,Branding/comunicación operativa.
C037,Reparar el sistema eléctrico y la iluminación del Centro de Salud El Vergel,Ciudad Planificada y Habitable,"Centro de Salud El Vergel (Bajo Llojeta, Av. Mario Mercado), La Paz",Infraestructura de Centros de Salud y Educacion,Equipamiento y Servicios Urbanos,Alto,Sistema eléctrico de centro de salud.
C038,Enviar sillas de espera para los pacientes del Centro de Salud El Vergel,Ciudad Vital,"Centro de Salud El Vergel (Bajo Llojeta, Av. Mario Mercado), La Paz",Casa Ordenada,Fortalecimiento Institucional y Gestión Interna (paraguas CMI),Paraguas,Dotación menor operativa.
C039,Refacción del techo y poda periódica del árbol del Centro de Salud El Vergel,Ciudad Vital,"Centro de Salud El Vergel (Bajo Llojeta, Av. Mario Mercado), La Paz",Casa Ordenada,Fortalecimiento Institucional y Gestión Interna (paraguas CMI),Paraguas,Mantenimiento menor.
C040,Ampliar y reorganizar los espacios del Centro de Salud El Vergel,Ciudad Planificada y Habitable,"Centro de Salud El Vergel (Bajo Llojeta, Av. Mario Mercado), La Paz",Infraestructura de Centros de Salud y Educacion,Equipamiento y Servicios Urbanos,Alto,Ampliación de centro de salud.
C041,Implementar la transformación del sistema municipal de salud en las 5 redes hasta noviembre,Ciudad Vital,"Centro de Salud El Vergel (Bajo Llojeta, Av. Mario Mercado), La Paz",Clinicas de Vida: Salud donde vives,Salud Primaria Integral,Alto,Transformación del sistema de salud (5 redes).
C042,Ampliar la cobertura de la red municipal de salud con el convenio Nuestra Señora de La Paz,Ciudad Vital,"Centro de Salud El Vergel (Bajo Llojeta, Av. Mario Mercado), La Paz",Red de Salud Familiar,Salud Primaria Integral,Alto,Ampliación de cobertura de la red de salud.
C043,Programa de salud preventiva domiciliaria para adultos mayores,Ciudad Vital,"Centro de Salud El Vergel (Bajo Llojeta, Av. Mario Mercado), La Paz",Red de Salud Inteligente de Barrio,Salud Inteligente y Preventiva,Alto,Salud preventiva domiciliaria. | afinado: La salud preventiva domiciliaria calza en la red de salud inteligente y preventiva.
C044,Garantizar el abastecimiento de medicamentos en los centros de salud,Ciudad Vital,"Centro de Salud El Vergel (Bajo Llojeta, Av. Mario Mercado), La Paz",Clinicas de Vida: Salud donde vives,Salud Primaria Integral,Alto,Abastecimiento de medicamentos. | afinado: Garantizar el abastecimiento de medicamentos es provisión de salud primaria.
C045,Gestionar ante el SEDES el cambio de la normativa de registros manuales en salud,Ciudad Vital,"Centro de Salud El Vergel (Bajo Llojeta, Av. Mario Mercado), La Paz",Red de Salud Inteligente de Barrio,Salud Inteligente y Preventiva,Alto,Digitalización de registros de salud. | afinado: Habilitar registros digitales de salud calza en la red de salud inteligente y preventiva.
C046,Dotar personal y especialidades al Centro de Salud El Vergel,Ciudad Vital,"Centro de Salud El Vergel (Bajo Llojeta, Av. Mario Mercado), La Paz",Clinicas de Vida: Salud donde vives,Salud Primaria Integral,Alto,Dotación de personal y especialidades. | afinado: Dotar personal y especialidades fortalece la atención de salud primaria.
C047,Mejorar la seguridad vial y la accesibilidad peatonal del acceso al Centro de Salud El Vergel,Ciudad Conectada,"Centro de Salud El Vergel (Bajo Llojeta, Av. Mario Mercado), La Paz",La Via es Nuestra: Calles completas para todas las personas,Infraestructura Vial Estrategica,Alto,Seguridad vial/accesibilidad de acceso. | afinado: Mejorar seguridad vial y accesibilidad peatonal del acceso es calles completas.
C048,Programa La Paz Iluminada: recambio de más de 130.000 luminarias LED en la ciudad,Ciudad Conectada,"Centro de Salud El Vergel (Bajo Llojeta, Av. Mario Mercado), La Paz",Alumbrado Solar Distrital,Energias Renovables y Eficiencia Energetica,Alto,"Recambio masivo de luminarias LED (encaje por alumbrado, cross-eje). | afinado: El recambio masivo de 130.000 LED es eficiencia energética del alumbrado público."
C049,Atender el caso del perro comunitario y la jauría de perros en El Vergel,Ciudad de Cuidados y Derechos,"Centro de Salud El Vergel (Bajo Llojeta, Av. Mario Mercado), La Paz",Patitas Seguras: Veterinarias comunitarias y adopcion responsable,Ciudad Protectora de Animales,Alto,Manejo de jauría/perro comunitario.
C050,Reponer las impresoras y el equipamiento informático del Centro de Salud El Vergel,Ciudad Vital,"Centro de Salud El Vergel (Bajo Llojeta, Av. Mario Mercado), La Paz",Casa Ordenada,Fortalecimiento Institucional y Gestión Interna (paraguas CMI),Paraguas,Equipamiento informático operativo.
C051,Replantear y mejorar las ciclovías de la ciudad junto a la asociación de ciclistas,Ciudad Conectada,"Av. del Poeta y Costanera (ruta ciclovía recreativa), La Paz",Red de Ciclorrutas,Movilidad Urbana Sostenible,Alto,Mejora de ciclovías.
C052,Mesa de diálogo con ciclistas y fraternidades folklóricas para recibir sus propuestas,Ciudad Conectada,"Av. del Poeta y Costanera (ruta ciclovía recreativa), La Paz",Red de Ciclorrutas,Movilidad Urbana Sostenible,Alto,Diálogo con ciclistas sobre ciclovías. | afinado: La mesa con ciclistas alimenta la planificación de la red de ciclorrutas.
C053,Entregar las plazas al folklore como espacios de ensayo,Ciudad Cultural y Turística,"Av. del Poeta y Costanera (ruta ciclovía recreativa), La Paz",Red de Cultura Viva Barrial,Culturas para la Vida,Alto,Espacios de ensayo para el folklore. | afinado: Entregar plazas como espacios de ensayo fortalece la cultura viva barrial.
C054,Segunda fase de recuperación: Parque Urbano Central y remozamiento de Laikacota,Ciudad Planificada y Habitable,"Av. del Poeta y Costanera (ruta ciclovía recreativa), La Paz",Parque Urbano Central + Mercado Patrimonial,Turismo de Altura,Alto,Recuperación de Parque Urbano Central y Laikacota.
C055,Habilitar las Escuelas Municipales de Deportes de vacaciones: 40 puntos y 7 disciplinas,Ciudad Vital,"Av. del Poeta y Costanera (ruta ciclovía recreativa), La Paz",Escuelas Deportivas Barriales,Deporte para la Vida,Alto,Escuelas municipales de deportes.
C056,Bailar con los caporales en su próxima presentación,Tareas operativas,,Servidores que Cuidan,Fortalecimiento Institucional y Gestión Interna (paraguas CMI),Paraguas,Tarea protocolar/personal.
C057,Realizar la verbena paceña en la Plaza Mayor de San Francisco cuidando el patrimonio,Ciudad Cultural y Turística,"Plaza San Francisco, La Paz",Festival de la Paz,Culturas para la Vida,Alto,Evento cultural masivo en espacio público. | afinado: La verbena en la Plaza San Francisco es el Festival de la Paz.
C058,Coordinar con la Asociación de Folkloristas un programa para posicionar la marca ciudad,Ciudad Cultural y Turística,"Plaza San Francisco, La Paz",Red de Cultura Viva Barrial,Culturas para la Vida,Alto,Articulación con folkloristas / marca ciudad. | afinado: Articular con folkloristas para posicionar la marca es cultura viva barrial.
C059,Retornar el árbol de Navidad a la Plaza de San Francisco,Ciudad Cultural y Turística,"Plaza San Francisco, La Paz",Casa Ordenada,Fortalecimiento Institucional y Gestión Interna (paraguas CMI),Paraguas,Ornamentación estacional operativa.
C060,Acelerar la ejecución del POA en todos los barrios,Ciudad Eficiente y Transparente,,Finanzas Sanas,Fortalecimiento Institucional y Gestión Interna (paraguas CMI),Paraguas,Aceleración de ejecución del POA. | afinado: Acelerar la ejecución del POA es gestión interna de ejecución presupuestaria.
C061,Revisar caso de vecino de Callapa sin conexión de gas,Ciudad Planificada y Habitable,,Casa Ordenada,Fortalecimiento Institucional y Gestión Interna (paraguas CMI),Paraguas,Caso puntual de servicio básico.
C062,Atender problema de desplazamiento y planos en Callapa,Ciudad Planificada y Habitable,,Proteccion de Areas de Riesgo,Gestion del Suelo y Asentamientos Seguros,Alto,Desplazamiento/planos en zona de riesgo (Callapa). | afinado: Atender el desplazamiento y planos en Callapa es protección de área de riesgo.
C063,Gestionar ante el gobierno nacional la ampliación del feriado paceño,Ciudad Cultural y Turística,,Casa Ordenada,Fortalecimiento Institucional y Gestión Interna (paraguas CMI),Paraguas,Gestión política ante el nivel nacional.
C064,Definir fases y buscar padrinos para el pintado de fachadas patrimoniales del tramo Montes–Pérez Velasco,Ciudad Cultural y Turística,"Centro histórico (avenida Montes), La Paz",Memoria Viva: Adopta tu Patrimonio,Patrimonio para el Futuro,Alto,Pintado de fachadas patrimoniales con padrinos = adopta tu patrimonio.
C065,Socializar con los negocios la propuesta de letrero único en inmuebles patrimoniales,Ciudad Planificada y Habitable,"Centro histórico (avenida Montes), La Paz",Registro Patrimonial + Intervencion de Barrios,Patrimonio para el Futuro,Alto,Letrero único en inmuebles patrimoniales. | afinado: El letrero único en inmuebles patrimoniales es gestión del patrimonio.
C066,Mostrar en dos semanas el software de trámites digitales desde el celular,Ciudad Vital,"Piscina Olímpica de Obrajes, La Paz",Municipio Inteligente y Humano,Transformacion Digital Ciudadana,Alto,Software de trámites digitales (cross-eje). | afinado: El software de trámites digitales desde el celular es transformación digital municipal.
C067,Desarrollar un programa de apoyo a padres y niños con TDAH y autismo,Ciudad Vital,"Piscina Olímpica de Obrajes, La Paz",Centros Distritales de Salud Mental,Salud Mental Comunitaria,Alto,Apoyo a TDAH y autismo.
C068,Volver la próxima semana a ver la demostración de gimnasia y jugar ajedrez con las escuelas,Ciudad Vital,"Piscina Olímpica de Obrajes, La Paz",Casa Ordenada,Fortalecimiento Institucional y Gestión Interna (paraguas CMI),Paraguas,Actividad puntual.
C069,Levantar inventario y ordenar los almacenes de material deportivo de Obrajes,Ciudad Vital,"Piscina Olímpica de Obrajes, La Paz",Casa Ordenada,Fortalecimiento Institucional y Gestión Interna (paraguas CMI),Paraguas,Inventario operativo.
C070,"Gestionar recursos para reparar la piscina, el área de gimnasia y la cancha de básquet",Ciudad Vital,"Piscina Olímpica de Obrajes, La Paz",Barrio Activo: Circuitos deportivos barriales,Deporte para la Vida,Alto,Reparación de infraestructura deportiva. | afinado: Reparar la piscina y áreas deportivas rehabilita infraestructura de deporte comunitario.
C071,Resolver la conexión de gas de la piscina de Obrajes,Ciudad Vital,"Piscina Olímpica de Obrajes, La Paz",Casa Ordenada,Fortalecimiento Institucional y Gestión Interna (paraguas CMI),Paraguas,Conexión de gas operativa.
C072,Trasladar las máquinas del predio de Obrajes el viernes,Ciudad Vital,"Piscina Olímpica de Obrajes, La Paz",Casa Ordenada,Fortalecimiento Institucional y Gestión Interna (paraguas CMI),Paraguas,Traslado operativo.
C073,Habilitar el salón interior de Obrajes para zumba y yoga de la tercera edad,Ciudad de Cuidados y Derechos,"Piscina Olímpica de Obrajes, La Paz",Clubes de Movimiento y Memoria,Ciudad Longeva y Activa,Alto,Actividades para la tercera edad. | afinado: Habilitar el salón para zumba y yoga de la tercera edad es club de movimiento y memoria.
C074,Instalar baranda de seguridad en la zona insegura de la piscina de Obrajes,Ciudad Vital,"Piscina Olímpica de Obrajes, La Paz",Casa Ordenada,Fortalecimiento Institucional y Gestión Interna (paraguas CMI),Paraguas,Seguridad menor operativa.
C075,"Compartir con el equipo los documentos del estudio de la marca ciudad 'La Paz, Capital del Cielo'",Ciudad Cultural y Turística,"Centro histórico (avenida Montes), La Paz",La Paz Comunica,Fortalecimiento Institucional y Gestión Interna (paraguas CMI),Paraguas,Estudio de marca ciudad. | afinado: Compartir documentos del estudio internamente: acción operativa interna.
C076,Buscar una alternativa para el ordenamiento de cables en las fachadas del centro histórico,Ciudad Planificada y Habitable,"Centro histórico (avenida Montes), La Paz",Barrios con Historia Viva: Rehabilitacion urbana participativa,Rehabilitacion de Barrios Historicos,Alto,Ordenamiento de cables en fachadas del centro. | afinado: Ordenar los cables en fachadas es rehabilitación urbana del centro histórico.
C077,Restituir el POA exclusivo de la Banda Municipal Eduardo Caba,Ciudad Cultural y Turística,"Teatro al Aire Libre, La Paz",Escuelas Municipales de Arte,Culturas para la Vida,Alto,Banda Municipal como institución cultural. | afinado: Restituir el POA de la Banda Municipal sostiene una agrupación artística municipal.
C078,Dotar de uniformes nuevos a la Banda Municipal,Ciudad Cultural y Turística,"Teatro al Aire Libre, La Paz",Servidores que Cuidan,Fortalecimiento Institucional y Gestión Interna (paraguas CMI),Paraguas,Dotación operativa (uniformes).
C079,Reparar el bus de la Banda y evaluar un segundo bus,Ciudad Conectada,"Teatro al Aire Libre, La Paz",Casa Ordenada,Fortalecimiento Institucional y Gestión Interna (paraguas CMI),Paraguas,"Reparación de bus, operativo."
C080,Gestionar ambiente propio e institucionalización de la Banda Eduardo Caba,Ciudad Cultural y Turística,"Teatro al Aire Libre, La Paz",Escuelas Municipales de Arte,Culturas para la Vida,Alto,Institucionalización de la Banda Municipal. | afinado: Institucionalizar y dar ambiente a la Banda fortalece la agrupación artística municipal.
C081,Agilizar la designación del Director de la Banda Municipal,Ciudad Cultural y Turística,"Teatro al Aire Libre, La Paz",Servidores que Cuidan,Fortalecimiento Institucional y Gestión Interna (paraguas CMI),Paraguas,"Designación de personal, operativo."
C082,Crear el reglamento de asignación de escenarios municipales (riesgo compartido),Ciudad Cultural y Turística,"Teatro al Aire Libre, La Paz",Escenarios Abiertos: Cultura al aire libre,Infraestructura Cultural y Recreativa,Alto,Reglamento de escenarios municipales. | afinado: El reglamento de asignación de escenarios ordena el uso de los escenarios culturales.
C083,Intervención y mejora de la infraestructura del Teatro al Aire Libre,Ciudad Cultural y Turística,"Teatro al Aire Libre, La Paz",Renovación del Teatro al Aire Libre,Infraestructura Cultural y Recreativa,Alto,Intervención directa del Teatro al Aire Libre.
C084,Corregir las deficiencias operativas del Hospital La Portada,Ciudad Vital,"Hospital Municipal La Portada, La Paz",Clinicas de Vida: Salud donde vives,Salud Primaria Integral,Alto,Deficiencias operativas de hospital. | afinado: Corregir deficiencias operativas del hospital mejora la salud primaria municipal.
C085,Poner en pleno uso y al día el mantenimiento del tomógrafo del Hospital La Portada,Ciudad Vital,"Hospital Municipal La Portada, La Paz",Clinicas de Vida: Salud donde vives,Salud Primaria Integral,Alto,Equipamiento hospitalario (tomógrafo). | afinado: Poner en uso y mantener el tomógrafo equipa el hospital de salud primaria.
C086,Recuperar el acelerador lineal donado (USD 3 MM) que nunca llegó al Hospital La Portada,Ciudad Vital,"Hospital Municipal La Portada, La Paz",Clinicas de Vida: Salud donde vives,Salud Primaria Integral,Alto,"Equipamiento oncológico (acelerador lineal). | afinado: Recuperar el acelerador lineal donado equipa de oncología al hospital municipal, núcleo de la salud primaria."
C087,Equipar las ambulancias municipales y eliminar el cobro del servicio,Ciudad Vital,"Hospital Municipal La Portada, La Paz",Red de Salud Familiar,Salud Primaria Integral,Alto,Ambulancias y eliminación de cobro. | afinado: Equipar ambulancias y eliminar su cobro fortalece la red de salud familiar.
C088,Digitalizar los expedientes clínicos del Hospital La Portada,Ciudad Vital,"Hospital Municipal La Portada, La Paz",Red de Salud Inteligente de Barrio,Salud Inteligente y Preventiva,Alto,Digitalización de expedientes clínicos.
C089,Instituir inspecciones sorpresa periódicas a los hospitales y centros de salud municipales,Ciudad Vital,"Hospital Municipal La Portada, La Paz",Clinicas de Vida: Salud donde vives,Salud Primaria Integral,Alto,Control de calidad hospitalaria. | afinado: Las inspecciones sorpresa aseguran la calidad de la red de salud primaria.
C090,Recuperar la información no entregada por la gestión saliente en salud,Ciudad Vital,"Hospital Municipal La Portada, La Paz",Casa Ordenada,Fortalecimiento Institucional y Gestión Interna (paraguas CMI),Paraguas,"Recuperación de información, transición."
C091,Paralizar y hacer cumplir la paralización de las construcciones no autorizadas en el Parque 3600 y el Teatrín,Ciudad Planificada y Habitable,"San Jorge–Kantutani (Puente Trillizos), La Paz",Proteccion de Areas de Riesgo,Gestion del Suelo y Asentamientos Seguros,Alto,Paralización de construcciones en zona de riesgo. | afinado: Paralizar construcciones no autorizadas en zona de riesgo protege el área de riesgo.
C092,Instalar las mesas técnicas de diálogo con los vecinos damnificados y definir la ruta crítica del Parque 3600,Ciudad Planificada y Habitable,"San Jorge–Kantutani (Puente Trillizos), La Paz",Proteccion de Areas de Riesgo,Gestion del Suelo y Asentamientos Seguros,Alto,Mesas técnicas con damnificados. | afinado: Las mesas técnicas con damnificados gestionan el riesgo del sitio del Parque 3600.
C093,Concluir y asfaltar la vía que conecta la zona con la avenida Cantutani,Ciudad Conectada,"San Jorge–Kantutani (Puente Trillizos), La Paz",Vias Distritales de Conexion,Infraestructura Vial Estrategica,Alto,Asfaltado de vía de conexión.
C094,Regularizar el derecho propietario municipal del Parque 3600 e impulsar la expropiación para consolidarlo,Ciudad Planificada y Habitable,"San Jorge–Kantutani (Puente Trillizos), La Paz",Tu Terreno Cuenta: Regularizacion con justicia social,Catastro Moderno y Justicia Urbana,Alto,Regularización de derecho propietario y expropiación. | afinado: Regularizar el derecho propietario y la expropiación es catastro y justicia urbana.
C095,Evaluar el estado y el proceso de cierre técnico del ex botadero del Parque 3600,Ciudad Verde,"San Jorge–Kantutani (Puente Trillizos), La Paz",Parques Renovados con Comunidades,Áreas Verdes y Parques Urbanos,Alto,"Cierre técnico de ex botadero. | afinado: Cierre técnico del ex botadero del Parque 3600: podría ser remediación de residuos, gestión de riesgo o el futuro parque; requiere definición de la secretaría. | resuelto 06-ago (confirmado)"
C096,Reponer los insumos de botiquín y bioseguridad de los buses Pumakatari,Ciudad Conectada,"Patio Pumakatari de Chasquipampa, La Paz",Casa Ordenada,Fortalecimiento Institucional y Gestión Interna (paraguas CMI),Paraguas,Reposición de insumos operativos.
C097,Reparar los ascensores de sillas de ruedas inoperables del Pumakatari y hacer su revisión diaria,Ciudad Conectada,"Patio Pumakatari de Chasquipampa, La Paz",Transporte Accesible,Movilidad Inclusiva y Accesibilidad Universal,Alto,Ascensores de sillas de ruedas en buses. | afinado: Reparar los ascensores de sillas de ruedas es accesibilidad universal del transporte.
C098,Implementar un plan de mantenimiento predictivo documentado para la flota Pumakatari,Ciudad Conectada,"Patio Pumakatari de Chasquipampa, La Paz",Rutas Integradas Inteligentes,Ordenamiento del Transporte Publico Colectivo,Alto,Mantenimiento predictivo de flota. | afinado: El mantenimiento predictivo sostiene la operación confiable del sistema de transporte.
C099,Dotar uniformes nuevos al personal del Pumakatari,Ciudad Conectada,"Patio Pumakatari de Chasquipampa, La Paz",Servidores que Cuidan,Fortalecimiento Institucional y Gestión Interna (paraguas CMI),Paraguas,"Dotación de uniformes, operativo."
C100,Vacunar contra la influenza al personal del Pumakatari,Ciudad Conectada,"Patio Pumakatari de Chasquipampa, La Paz",Servidores que Cuidan,Fortalecimiento Institucional y Gestión Interna (paraguas CMI),Paraguas,Salud laboral operativa.
C101,Eliminar el cobro de pasaje a los trabajadores del Pumakatari y crear la tarjeta de funcionario,Ciudad Conectada,"Patio Pumakatari de Chasquipampa, La Paz",Finanzas Sanas,Fortalecimiento Institucional y Gestión Interna (paraguas CMI),Paraguas,Beneficio laboral operativo.
C102,Habilitar comedor/descanso y estacionamiento de motos para el personal del patio Pumakatari,Ciudad Conectada,"Patio Pumakatari de Chasquipampa, La Paz",Servidores que Cuidan,Fortalecimiento Institucional y Gestión Interna (paraguas CMI),Paraguas,"Comodidades de personal, operativo."
C103,Mejorar el sistema de carga de combustible en los patios del Pumakatari,Ciudad Conectada,"Patio Pumakatari de Chasquipampa, La Paz",Casa Ordenada,Fortalecimiento Institucional y Gestión Interna (paraguas CMI),Paraguas,"Logística interna de patios, operativo."
C104,Implementar el sistema integrado de transporte de La Paz,Ciudad Conectada,"Patio Pumakatari de Chasquipampa, La Paz",Tarjeta Ciudad Humana: Transporte unificado y social,Sistema Integrado de Transporte Publico,Alto,"Sistema integrado de transporte, encaje directo."
C105,Evaluar y reestructurar las rutas deficitarias del Pumakatari,Ciudad Conectada,"Patio Pumakatari de Chasquipampa, La Paz",Rutas Integradas Inteligentes,Ordenamiento del Transporte Publico Colectivo,Alto,Reestructuración de rutas.
C106,Eliminar los cobros indebidos de prestaciones del SUS en el Hospital La Paz,Ciudad Vital,"Hospital Municipal La Paz, La Paz",Clinicas de Vida: Salud donde vives,Salud Primaria Integral,Alto,Eliminación de cobros indebidos (SUS). | afinado: Eliminar cobros indebidos del SUS garantiza el acceso gratuito a la salud primaria.
C107,Reformular e incrementar el presupuesto del Hospital La Paz,Ciudad Vital,"Hospital Municipal La Paz, La Paz",Finanzas Sanas,Fortalecimiento Institucional y Gestión Interna (paraguas CMI),Paraguas,Presupuesto hospitalario operativo.
C108,Renovar el equipamiento obsoleto del Hospital La Paz,Ciudad Vital,"Hospital Municipal La Paz, La Paz",Clinicas de Vida: Salud donde vives,Salud Primaria Integral,Alto,Renovación de equipamiento hospitalario. | afinado: Renovar el equipamiento obsoleto reequipa el hospital de salud primaria.
C109,Digitalizar las historias clínicas del Hospital La Paz,Ciudad Vital,"Hospital Municipal La Paz, La Paz",Red de Salud Inteligente de Barrio,Salud Inteligente y Preventiva,Alto,Digitalización de historias clínicas.
C110,Auditar el uso del presupuesto de construcción del Hospital San Antonio,Ciudad Vital,"Hospital Municipal La Paz, La Paz",Control y Cuentas Claras,Fortalecimiento Institucional y Gestión Interna (paraguas CMI),Paraguas,Auditoría puntual.
C111,Implementar los hospitales móviles de salud preventiva para la mujer,Ciudad Vital,"Hospital Municipal La Paz, La Paz",Red de Salud Inteligente de Barrio,Salud Inteligente y Preventiva,Alto,Hospitales móviles de salud preventiva (mujer). | afinado: Los hospitales móviles de salud preventiva calzan en la salud inteligente y preventiva.
C112,Reponer la vía colapsada de Bajo Llojeta,Ciudad Planificada y Habitable,"Bajo Llojeta, La Paz",Proteccion de Areas de Riesgo,Gestion del Suelo y Asentamientos Seguros,Alto,Vía colapsada en zona de talud/río. | afinado: Reponer la vía colapsada en zona de talud/río es parte de la protección del área de riesgo.
C113,Disponer maquinaria y personal para la limpieza preventiva del río de Bajo Llojeta cada temporada de lluvias,Ciudad Planificada y Habitable,"Bajo Llojeta, La Paz",Infraestructura de Drenaje Verde,Adaptacion Climatica Urbana y Gestion Hidrica,Alto,Limpieza preventiva de río. | afinado: La limpieza preventiva del río mitiga el riesgo hidrológico: drenaje/adaptación climática.
C114,Ejecutar la intervención integral definitiva del talud y el río de Bajo Llojeta,Ciudad Planificada y Habitable,"Bajo Llojeta, La Paz",Intervencion de 180 Taludes,Seguridad Ciudadana con Comunidad,Alto,Intervención integral de talud y río (proyecto de taludes).
C115,Impedir nuevos asentamientos y notificar las construcciones en la zona de riesgo de Bajo Llojeta,Ciudad Planificada y Habitable,"Bajo Llojeta, La Paz",Proteccion de Areas de Riesgo,Gestion del Suelo y Asentamientos Seguros,Alto,Control de asentamientos en zona de riesgo.
C116,Evaluar el convenio con la cementera (SOBOCE) por el material aluvial de la limpieza de cabeceras,Ciudad Planificada y Habitable,"Bajo Llojeta, La Paz",Infraestructura de Drenaje Verde,Adaptacion Climatica Urbana y Gestion Hidrica,Alto,Manejo de material aluvial de cabeceras. | afinado: El manejo del material aluvial de cabeceras es parte de la gestión hídrica del drenaje.
C117,Retirar y reponer los bolardos viales dañados de la ciudad,Ciudad Conectada,"Achumani, La Paz",Regulacion del Espacio Publico,Parqueo y Control del Espacio Publico Vial,Alto,Mobiliario vial (bolardos). | afinado: Retirar y reponer bolardos regula y protege el espacio público vial.
C118,Remozar y mantener el parque de Achumani (áreas verdes y equipamiento),Ciudad Verde,"Achumani, La Paz",Parques Renovados con Comunidades,Areas Verdes y Parques Urbanos,Alto,Remozamiento de parque y áreas verdes.
C119,Controlar la velocidad de los camiones de áridos y extender el rompemuelles en Achumani,Ciudad Conectada,"Achumani, La Paz",La Via es Nuestra: Calles completas para todas las personas,Infraestructura Vial Estrategica,Alto,Control de velocidad y rompemuelles. | afinado: Controlar velocidad y extender rompemuelles es seguridad vial / calles completas.
C120,Inspeccionar y corregir el riesgo eléctrico del Colegio Chumán,Ciudad Planificada y Habitable,"Achumani, La Paz",Plan de Rehabilitacion Escolar,Infraestructura y Equipamiento Educativo,Alto,Riesgo eléctrico en colegio. | afinado: Corregir el riesgo eléctrico del colegio es rehabilitación escolar.
C121,Gestionar el cambio de nombre del parque Hermann Maynard,Ciudad Planificada y Habitable,"Achumani, La Paz",Casa Ordenada,Fortalecimiento Institucional y Gestión Interna (paraguas CMI),Paraguas,Trámite puntual (cambio de nombre).
C122,Separar los equipos de SLIM y DNA en las plataformas de atención,Ciudad de Cuidados y Derechos,"Plataforma SLIM/DNA Distrito 3 (Nicolás Acosta), La Paz",Ciudad de La Mujer,Ciudad Segura para las Mujeres,Alto,Plataformas SLIM/DNA. | afinado: Separar los equipos SLIM/DNA especializa la atención a mujeres víctimas.
C123,Aumentar el personal de las defensorías vía convenios con universidades,Ciudad de Cuidados y Derechos,"Plataforma SLIM/DNA Distrito 3 (Nicolás Acosta), La Paz",Ciudad de La Mujer,Ciudad Segura para las Mujeres,Alto,Personal de defensorías. | afinado: Aumentar el personal de las defensorías fortalece las plataformas de atención a la mujer.
C124,Dotar movilidad y combustible a las defensorías,Ciudad de Cuidados y Derechos,"Plataforma SLIM/DNA Distrito 3 (Nicolás Acosta), La Paz",Casa Ordenada,Fortalecimiento Institucional y Gestión Interna (paraguas CMI),Paraguas,Dotación operativa (movilidad/combustible).
C125,Convertir los SLIM a atención 24/7 por equipos,Ciudad de Cuidados y Derechos,"Plataforma SLIM/DNA Distrito 3 (Nicolás Acosta), La Paz",Ciudad de La Mujer,Ciudad Segura para las Mujeres,Alto,SLIM 24/7. | afinado: Convertir los SLIM a atención 24/7 amplía el servicio a mujeres víctimas.
C126,Trasladar la plataforma del Distrito 3 al inmueble recuperado de Nicolás Acosta,Ciudad de Cuidados y Derechos,"Plataforma SLIM/DNA Distrito 3 (Nicolás Acosta), La Paz",Casa Ordenada,Fortalecimiento Institucional y Gestión Interna (paraguas CMI),Paraguas,Traslado operativo de plataforma.
C127,Gestionar un fiscal e investigador asignados a las plataformas SLIM,Ciudad de Cuidados y Derechos,"Plataforma SLIM/DNA Distrito 3 (Nicolás Acosta), La Paz",Ciudad de La Mujer,Ciudad Segura para las Mujeres,Alto,Coordinación de justicia en plataformas. | afinado: Gestionar fiscal e investigador articula la justicia para víctimas en el SLIM.
C128,Digitalizar los casos de las defensorías,Ciudad de Cuidados y Derechos,"Plataforma SLIM/DNA Distrito 3 (Nicolás Acosta), La Paz",Ciudad de La Mujer,Ciudad Segura para las Mujeres,Alto,Digitalización de casos de defensorías. | afinado: Digitalizar los casos fortalece la gestión de la atención a mujeres víctimas.
C129,Fortalecer los albergues y crear la red de protección para víctimas,Ciudad de Cuidados y Derechos,"Plataforma SLIM/DNA Distrito 3 (Nicolás Acosta), La Paz",Ciudad de La Mujer,Ciudad Segura para las Mujeres,Alto,Albergues y red de protección de víctimas. | afinado: Fortalecer albergues y la red de protección atiende a las mujeres víctimas.
C130,Brindar contención psicológica al personal de las defensorías,Ciudad de Cuidados y Derechos,"Plataforma SLIM/DNA Distrito 3 (Nicolás Acosta), La Paz",Servidores que Cuidan,Fortalecimiento Institucional y Gestión Interna (paraguas CMI),Paraguas,Contención psicológica al personal. | afinado: Contención psicológica al personal: bienestar laboral interno.
C131,Implementar el programa 'mujer a mujer' de acompañamiento a víctimas,Ciudad de Cuidados y Derechos,"Plataforma SLIM/DNA Distrito 3 (Nicolás Acosta), La Paz",Ciudad de La Mujer,Ciudad Segura para las Mujeres,Alto,Programa mujer a mujer.
C132,Descentralizar el centro de terapia a las plataformas,Ciudad de Cuidados y Derechos,"Plataforma SLIM/DNA Distrito 3 (Nicolás Acosta), La Paz",Centros Distritales de Salud Mental,Salud Mental Comunitaria,Alto,Descentralización de terapia. | afinado: Descentralizar el centro de terapia a las plataformas acerca la salud mental comunitaria.
C133,Implementar escuelas de padres y profesionales en las unidades educativas,Ciudad de Cuidados y Derechos,"Plataforma SLIM/DNA Distrito 3 (Nicolás Acosta), La Paz",Escuelas de Familias,Infancia y Adolescencia Protegida,Alto,Escuelas de padres.
C134,Instalar bolardos metálicos en la acera del Santuario del Gran Poder,Ciudad Conectada,"Zona Gran Poder (Ch'ijini), Max Paredes, La Paz",Regulacion del Espacio Publico,Parqueo y Control del Espacio Publico Vial,Alto,Bolardos peatonales. | afinado: Instalar bolardos protege la acera peatonal: regulación del espacio público vial.
C135,Aumentar el personal de la Intendencia Municipal para el control del comercio,Ciudad Productiva,"Zona Gran Poder (Ch'ijini), Max Paredes, La Paz",Servidores que Cuidan,Fortalecimiento Institucional y Gestión Interna (paraguas CMI),Paraguas,"Control del comercio en vía (Intendencia). | afinado: Incremento de personal de la Intendencia: fortalecimiento operativo de control, no un proyecto."
C136,Instalar cámaras de seguridad y botones de pánico en la zona del Gran Poder,Ciudad de Cuidados y Derechos,"Zona Gran Poder (Ch'ijini), Max Paredes, La Paz",Barrios Seguros desde la Comunidad: Alarmas con vecinos y cultura de paz,Seguridad Ciudadana con Comunidad,Alto,Cámaras y botones de pánico.
C137,Revisar los garages de eventos con exceso de sonido en la Zona Rosa,Ciudad Planificada y Habitable,"Zona Gran Poder (Ch'ijini), Max Paredes, La Paz",Casa Ordenada,Fortalecimiento Institucional y Gestión Interna (paraguas CMI),Paraguas,Control puntual de ruido.
C138,Reparar las aceras de la ruta del Gran Poder por acción comunal con la asociación de carpinteros,Ciudad Conectada,"Zona Gran Poder (Ch'ijini), Max Paredes, La Paz",Caminabilidad Distrital,Movilidad Urbana Sostenible,Alto,Reparación de aceras. | afinado: Reparar aceras de la ruta del Gran Poder mejora la caminabilidad.
C139,Evaluar el cambio de ruta del Gran Poder por la Tumusla,Ciudad Cultural y Turística,"Zona Gran Poder (Ch'ijini), Max Paredes, La Paz",Casa Ordenada,Fortalecimiento Institucional y Gestión Interna (paraguas CMI),Paraguas,"Cambio de ruta festiva, operativo."
C140,Fortalecer la guardia municipal,Ciudad de Cuidados y Derechos,"Zona Gran Poder (Ch'ijini), Max Paredes, La Paz",Casa Ordenada,Fortalecimiento Institucional y Gestión Interna (paraguas CMI),Paraguas,"Fortalecimiento de la guardia municipal. | afinado: Fortalecer la guardia municipal es fortalecimiento institucional/operativo, sin proyecto específico."
C141,Cerrar e inventariar con notario el complejo deportivo Luis Lastra,Ciudad Vital,"Complejo Deportivo Luis Lastra, La Paz",Casa Ordenada,Fortalecimiento Institucional y Gestión Interna (paraguas CMI),Paraguas,Inventario/cierre operativo.
C142,Auditar el manejo de la infraestructura deportiva Luis Lastra,Ciudad Vital,"Complejo Deportivo Luis Lastra, La Paz",Control y Cuentas Claras,Fortalecimiento Institucional y Gestión Interna (paraguas CMI),Paraguas,Auditoría puntual.
C143,Rehabilitar y reponer los servicios del complejo deportivo Luis Lastra,Ciudad Vital,"Complejo Deportivo Luis Lastra, La Paz",Barrio Activo: Circuitos deportivos barriales,Deporte para la Vida,Alto,Rehabilitación de complejo deportivo. | afinado: Rehabilitar el complejo Luis Lastra recupera infraestructura de deporte comunitario.
C144,Reasignar a la Dirección de Deportes el control de sus activos deportivos,Ciudad Vital,"Complejo Deportivo Luis Lastra, La Paz",Casa Ordenada,Fortalecimiento Institucional y Gestión Interna (paraguas CMI),Paraguas,Reasignación institucional.
C145,Regularizar el exceso de personal de EMAVERDE mediante jubilaciones,Ciudad Eficiente y Transparente,"EMAVERDE (planta central), Sopocachi, La Paz",Auditoria y Reingenieria de EMAVERDE/EMAVIAS,Empresas Publicas Eficientes,Alto,Regularización de personal de EMAVERDE.
C146,Dar de baja la maquinaria obsoleta de EMAVERDE,Ciudad Eficiente y Transparente,"EMAVERDE (planta central), Sopocachi, La Paz",Auditoria y Reingenieria de EMAVERDE/EMAVIAS,Empresas Publicas Eficientes,Alto,Baja de maquinaria de EMAVERDE.
C147,"Reponer los insumos, medicamentos y comida de la Casa de la Mascota y garantizar la cadena de frío",Ciudad de Cuidados y Derechos,"Casa de la Mascota (Villa San Antonio), La Paz",Patitas Seguras: Veterinarias comunitarias y adopcion responsable,Ciudad Protectora de Animales,Alto,Insumos de la Casa de la Mascota.
C148,Refaccionar la infraestructura de la Casa de la Mascota,Ciudad de Cuidados y Derechos,"Casa de la Mascota (Villa San Antonio), La Paz",Patitas Seguras: Veterinarias comunitarias y adopcion responsable,Ciudad Protectora de Animales,Alto,Refacción de la Casa de la Mascota.
C149,Auditar la gestión de la Casa de la Mascota y regularizar sus activos,Ciudad de Cuidados y Derechos,"Casa de la Mascota (Villa San Antonio), La Paz",Control y Cuentas Claras,Fortalecimiento Institucional y Gestión Interna (paraguas CMI),Paraguas,"Auditoría de la Casa de la Mascota. | afinado: Auditoría de la gestión y regularización de activos: control interno, no ejecuta el proyecto de bienestar animal."
C150,Desburocratizar las denuncias e implementar la sanción directa en la Casa de la Mascota,Ciudad de Cuidados y Derechos,"Casa de la Mascota (Villa San Antonio), La Paz",Patitas Seguras: Veterinarias comunitarias y adopcion responsable,Ciudad Protectora de Animales,Alto,Denuncias y sanción de bienestar animal. | afinado: Desburocratizar denuncias y sanción directa mejora la protección animal.
C151,Reinstalar las cámaras y recalibrar la báscula del ex relleno de Mallasa,Ciudad Verde,"Ex relleno sanitario de Mallasa, La Paz",Casa Ordenada,Fortalecimiento Institucional y Gestión Interna (paraguas CMI),Paraguas,Control de ex relleno sanitario. | afinado: Reinstalar cámaras y recalibrar báscula de relleno clausurado: control operativo.
C152,Conformar y estabilizar los taludes y el lixiviado del ex relleno de Mallasa,Ciudad Verde,"Ex relleno sanitario de Mallasa, La Paz",Casa Ordenada,Fortalecimiento Institucional y Gestión Interna (paraguas CMI),Paraguas,Estabilización de taludes/lixiviado de relleno. | afinado: Estabilización de taludes/lixiviado de relleno clausurado: remediación sin proyecto específico en el catálogo.
C153,Restaurar el ex relleno de Mallasa como santuario de avifauna y área verde recreativa,Ciudad Verde,"Ex relleno sanitario de Mallasa, La Paz",Reservas Urbanas + Bioindicadores,Biodiversidad Urbana y Proteccion de Fauna Silvestre,Alto,Restauración de relleno como santuario de avifauna.
C154,Auditar el proyecto del puente de Aranjuez,Ciudad Conectada,"Puente de Aranjuez, La Paz",Control y Cuentas Claras,Fortalecimiento Institucional y Gestión Interna (paraguas CMI),Paraguas,Auditoría de obra de puente. | afinado: Auditoría de una obra: acción de control interno.
C155,Resolver la accesibilidad y la conectividad del puente de Aranjuez,Ciudad Conectada,"Puente de Aranjuez, La Paz",Vias Distritales de Conexion,Infraestructura Vial Estrategica,Alto,Accesibilidad/conectividad de puente.
C156,Evaluar y reforzar el puente antiguo de Aranjuez,Ciudad Conectada,"Puente de Aranjuez, La Paz",Vias Distritales de Conexion,Infraestructura Vial Estrategica,Alto,Refuerzo de puente.
C157,Actualizar el plan de manejo e implementar la identificación de los animales del bioparque Vesty Pakos,Ciudad Verde,"Bioparque Municipal Vesty Pakos, Mallasa, La Paz",Refugios y Santuarios,Biodiversidad Urbana y Proteccion de Fauna Silvestre,Alto,Plan de manejo del bioparque.
C158,Mejorar el bienestar animal del bioparque Vesty Pakos (hábitat de pumas y jaulas de aves),Ciudad Verde,"Bioparque Municipal Vesty Pakos, Mallasa, La Paz",Refugios y Santuarios,Biodiversidad Urbana y Proteccion de Fauna Silvestre,Alto,Bienestar animal del bioparque.
C159,Crear rutas accesibles diferenciadas y áreas de descanso en el bioparque Vesty Pakos,Ciudad Verde,"Bioparque Municipal Vesty Pakos, Mallasa, La Paz","Ruta Inclusiva: Calles, plazas y servicios para todos.",Ciudad Inclusiva con Discapacidad,Alto,"Accesibilidad del bioparque. | afinado: Rutas accesibles y áreas de descanso responden a accesibilidad universal, no a refugios de fauna."
C160,Retomar el convenio con la ONG WCS para el bioparque Vesty Pakos,Ciudad Verde,"Bioparque Municipal Vesty Pakos, Mallasa, La Paz",Refugios y Santuarios,Biodiversidad Urbana y Proteccion de Fauna Silvestre,Alto,Convenio de conservación del bioparque. | afinado: Retomar el convenio con la ONG conserva la fauna del bioparque.
C161,Evaluar la efectividad de la intervención geotécnica de Pampajasí antes de nuevas inversiones,Ciudad Planificada y Habitable,"Cancha Venus, Pampajasí, La Paz",Intervencion de 180 Taludes,Seguridad Ciudadana con Comunidad,Alto,Evaluación de intervención geotécnica (talud).
C162,"Reponer las afectaciones de la obra en Pampajasí (vía, cámaras, viviendas y cableado)",Ciudad Conectada,"Cancha Venus, Pampajasí, La Paz",Vias Distritales de Conexion,Infraestructura Vial Estrategica,Alto,Reposición de vía/servicios post-obra. | afinado: Reponer vía y servicios tras la obra en Pampajasí es infraestructura vial distrital.
C163,Estabilizar e intervenir la cancha Venus (césped sintético e iluminación) y apoyar las escuelas de fútbol,Ciudad Vital,"Cancha Venus, Pampajasí, La Paz",Barrio Activo: Circuitos deportivos barriales,Deporte para la Vida,Alto,Intervención de cancha barrial. | afinado: Intervenir la cancha Venus y apoyar escuelas de fútbol es deporte comunitario.
C164,"Establecer inspecciones permanentes de control de precio, peso y calidad en los mercados",Ciudad Productiva,"Mercado Rodríguez, La Paz",Brigadas de Control de Abusos,Defensa del Consumidor,Alto,Control de precio/peso/calidad en mercados.
C165,Coordinar con las empresas de la canasta básica el abastecimiento y la distribución a mayoristas,Ciudad Productiva,"Mercado Rodríguez, La Paz",Empresa de Alimentos Populares,Nuevas Empresas Mixtas,Alto,Abastecimiento de canasta básica. | afinado: Coordinar el abastecimiento de la canasta básica sostiene la empresa de alimentos populares.
C166,Reubicar el contenedor de basura del Mercado Rodríguez que contamina los alimentos,Ciudad Verde,"Mercado Rodríguez, La Paz",Casa Ordenada,Fortalecimiento Institucional y Gestión Interna (paraguas CMI),Paraguas,Reubicación de contenedor de basura en mercado. | afinado: Reubicación puntual de un contenedor: acción operativa.
C167,Ampliar el horario del Mercado El Tejar en temporada de frutas,Ciudad Productiva,"Mercado El Tejar, Max Paredes, La Paz",Casa Ordenada,Fortalecimiento Institucional y Gestión Interna (paraguas CMI),Paraguas,Gestión de horarios de mercado. | afinado: Ampliación de horario de mercado: decisión de gestión operativa.
C168,Implementar el plan 'Mercados Dignos' con ferias del productor al consumidor,Ciudad Productiva,"Mercado El Tejar, Max Paredes, La Paz","Mi Mercado, Mi Comunidad: Red de Mercados Dignos",Mercados y Comercio Digno,Alto,"Plan Mercados Dignos, encaje directo."
C169,Resolver los 400 trámites parados en la Subalcaldía Sur,Ciudad Eficiente y Transparente,"Subalcaldía Sur / Piscina de Obrajes, La Paz",Casa Ordenada,Fortalecimiento Institucional y Gestión Interna (paraguas CMI),Paraguas,Destrabe/digitalización de trámites. | afinado: Destrabe operativo de trámites acumulados: gestión administrativa.
C170,Renovar el equipamiento informático y las movilidades de la Subalcaldía Sur,Ciudad Eficiente y Transparente,"Subalcaldía Sur / Piscina de Obrajes, La Paz",Casa Ordenada,Fortalecimiento Institucional y Gestión Interna (paraguas CMI),Paraguas,Equipamiento operativo de subalcaldía.
C171,Dar mantenimiento al edificio patrimonial de la Subalcaldía Sur,Ciudad Eficiente y Transparente,"Subalcaldía Sur / Piscina de Obrajes, La Paz",Mejoras en zonas patrimoniales,Rehabilitacion de Barrios Historicos,Alto,Mantenimiento de edificio patrimonial. | afinado: Mantener el edificio patrimonial de la subalcaldía interviene una zona patrimonial.
C172,Dotar botiquín y equipamiento de seguridad a la Piscina de Obrajes,Ciudad Vital,"Subalcaldía Sur / Piscina de Obrajes, La Paz",Casa Ordenada,Fortalecimiento Institucional y Gestión Interna (paraguas CMI),Paraguas,Dotación de botiquín operativo.
C173,Destrabar los trámites parados en la Subalcaldía Max Paredes,Ciudad Eficiente y Transparente,"Subalcaldía Max Paredes, La Paz",Casa Ordenada,Fortalecimiento Institucional y Gestión Interna (paraguas CMI),Paraguas,Destrabe de trámites de subalcaldía. | afinado: Destrabe operativo de trámites acumulados: gestión administrativa.
C174,Entregar los textos escolares retenidos y regularizar el archivo de la Subalcaldía Max Paredes,Ciudad Eficiente y Transparente,"Subalcaldía Max Paredes, La Paz",Casa Ordenada,Fortalecimiento Institucional y Gestión Interna (paraguas CMI),Paraguas,Gestión operativa de archivo/entrega.
C175,Ejecutar la intervención urgente del riesgo geotécnico en la avenida América (Max Paredes),Ciudad Planificada y Habitable,"Subalcaldía Max Paredes, La Paz",Intervencion de 180 Taludes,Seguridad Ciudadana con Comunidad,Alto,Intervención de riesgo geotécnico.
C176,Programar el lavado y la limpieza integral del Mercado Uruguay,Ciudad Productiva,"Subalcaldía Max Paredes, La Paz",Casa Ordenada,Fortalecimiento Institucional y Gestión Interna (paraguas CMI),Paraguas,Limpieza integral de mercado. | afinado: Lavado/limpieza integral de mercado: mantenimiento operativo.
C177,Ejecutar el mantenimiento integral de las paradas del Pumakatari,Ciudad Conectada,"SETRAM (Parque Urbano Central), La Paz",Paradas Seguras y Digitalizadas,Logistica Urbana Inteligente,Alto,Mantenimiento de paradas del Pumakatari.
C178,"Desarrollar los sistemas internos del SETRAM (flota, combustible y trámites)",Ciudad Conectada,"SETRAM (Parque Urbano Central), La Paz",Municipio Inteligente y Humano.,Transformación Digital Ciudadana,Alto,"Sistemas internos del SETRAM. | afinado: Los sistemas internos del SETRAM (flota, combustible, trámites) son digitalización de la gestión, no ordenamiento de rutas."
C179,Regularizar y digitalizar el archivo y los activos del SETRAM,Ciudad Conectada,"SETRAM (Parque Urbano Central), La Paz",Casa Ordenada,Fortalecimiento Institucional y Gestión Interna (paraguas CMI),Paraguas,Gestión interna de archivo/activos.
C180,Reparar el muro colapsado que infiltra las fundaciones del edificio del Mercado Camacho,Ciudad Planificada y Habitable,"Mercado Camacho, La Paz","Mi Mercado, Mi Comunidad: Red de Mercados Dignos",Mercados y Comercio Digno,Alto,Muro/estructura de edificio de mercado. | afinado: Reparar el muro que infiltra las fundaciones dignifica y protege el edificio del mercado.
C181,"Mejorar los servicios de atención del edificio del Mercado Camacho (adulto mayor, guardería y discapacidad)",Ciudad de Cuidados y Derechos,"Mercado Camacho, La Paz",Tejiendo Cuidados: Espacios de encuentro entre generaciones.,Redes de Cuidado Intergeneracional,Alto,"Servicios de cuidado (adulto mayor/guardería). | afinado: El edificio presta servicios de cuidado a varias poblaciones (adulto mayor, guardería, discapacidad): redes de cuidado."
C182,Rehabilitar y poner en funcionamiento el albergue municipal de la calle Chuquisaca,Ciudad de Cuidados y Derechos,"Albergue municipal de la calle Chuquisaca, La Paz",Casas de Proteccion Integral,Infancia y Adolescencia Protegida,Alto,Albergue municipal (situación de calle). | afinado: Rehabilitar y abrir el albergue municipal brinda protección a población en situación de calle.
C183,Corregir el sistema de atención de la línea de emergencia contra la violencia,Ciudad de Cuidados y Derechos,"Albergue municipal de la calle Chuquisaca, La Paz",Alertas Comunitarias contra la Violencia,Red Distrital de Justicia y Mediacion Barrial,Alto,Línea de emergencia contra la violencia. | afinado: Corregir la línea de emergencia contra la violencia es alerta comunitaria contra la violencia.
C184,"Habilitar un albergue de invierno de emergencia para mujeres, niños y personas en situación de calle",Ciudad de Cuidados y Derechos,"Albergue municipal de la calle Chuquisaca, La Paz",Casas de Proteccion Integral,Infancia y Adolescencia Protegida,Alto,"Albergue de invierno (situación de calle). | afinado: Habilitar el albergue de invierno protege a mujeres, niños y personas en situación de calle."
C185,Renovar el equipamiento de trabajo y adecuar el almacén de la Subalcaldía Centro,Ciudad Eficiente y Transparente,"Subalcaldía Centro, La Paz",Casa Ordenada,Fortalecimiento Institucional y Gestión Interna (paraguas CMI),Paraguas,Equipamiento operativo de almacén.
C186,Reutilizar las luminarias y bolardos obsoletos de la Subalcaldía Centro,Ciudad Conectada,"Subalcaldía Centro, La Paz",Casa Ordenada,Fortalecimiento Institucional y Gestión Interna (paraguas CMI),Paraguas,"Reutilización de material, operativo."
C187,Reparar las aceras de Miraflores por acción comunal con los vecinos,Ciudad Conectada,"Subalcaldía Centro, La Paz",Caminabilidad Distrital,Movilidad Urbana Sostenible,Alto,Reparación de aceras por acción comunal. | afinado: Reparar aceras de Miraflores mejora la caminabilidad.
C188,"Modernizar la Terminal de Buses (señalética, imagen institucional y digitalización de tickets)",Ciudad Conectada,"Terminal de Buses, La Paz",Terminal Inteligente Metropolitana,Control del Transporte Interciudad y Fronteras Urbanas,Alto,Modernización de la Terminal de Buses.
C189,Regularizar los bienes donados y completar la videovigilancia de la Terminal de Buses,Ciudad Conectada,"Terminal de Buses, La Paz",Terminal Inteligente Metropolitana,Control del Transporte Interciudad y Fronteras Urbanas,Alto,Videovigilancia de la terminal. | afinado: Regularizar bienes y completar videovigilancia moderniza la terminal metropolitana.
C190,Rehabilitar y abrir el albergue Zenobio López para personas en situación de calle,Ciudad de Cuidados y Derechos,"Terminal de Buses, La Paz",Casas de Proteccion Integral,Infancia y Adolescencia Protegida,Alto,Albergue para personas en situación de calle. | afinado: Rehabilitar y abrir el albergue Zenobio López protege a personas en situación de calle.
C191,"Extender el programa de alimentación a personas en situación de calle, adultos mayores y de bajos recursos",Ciudad de Cuidados y Derechos,"Terminal de Buses, La Paz",Alimentación Solidaria,Seguridad Alimentaria,Alto,"Alimentación a poblaciones vulnerables. | afinado: Programa de alimentación para varias poblaciones vulnerables (calle, adulto mayor, bajos recursos): no calza en un proyecto único del catálogo. | resuelto 06-ago (confirmado)"
C192,Resolver la situación laboral de los trabajadores del relleno de Alpacoma,Ciudad Verde,"Relleno sanitario de Alpacoma / Saka Churu, La Paz",Servidores que Cuidan,Fortalecimiento Institucional y Gestión Interna (paraguas CMI),Paraguas,Situación laboral de trabajadores del relleno. | afinado: Resolución de la situación laboral de trabajadores: asunto administrativo/interno.
C193,"Implementar el control de peso, calidad y humedad de los residuos en el relleno de Alpacoma",Ciudad Verde,"Relleno sanitario de Alpacoma / Saka Churu, La Paz",Casa Ordenada,Fortalecimiento Institucional y Gestión Interna (paraguas CMI),Paraguas,Control de peso/calidad de residuos. | afinado: Control operativo de peso/calidad de residuos en el relleno: gestión operativa.
C194,"Ejecutar el mantenimiento, la estabilización y las obras urgentes del relleno de Alpacoma",Ciudad Verde,"Relleno sanitario de Alpacoma / Saka Churu, La Paz",Casa Ordenada,Fortalecimiento Institucional y Gestión Interna (paraguas CMI),Paraguas,Obras de estabilización del relleno. | afinado: Mantenimiento y obras de un relleno clausurado: remediación sin proyecto específico en el catálogo.
C195,"Implementar el modelo de transformación de los residuos sólidos (biogás, combustible y valorización)",Ciudad Verde,"Relleno sanitario de Alpacoma / Saka Churu, La Paz",Circular La Paz: Laboratorio de economia regenerativa,Economia Circular y Reciclaje Inclusivo,Alto,Transformación/valorización de residuos (biogás).
C196,Revisar el caso del Mercado Los Pinos y regularizar las patentes de los comerciantes,Ciudad Productiva,"Mercado Los Pinos, La Paz","Mi Mercado, Mi Comunidad: Red de Mercados Dignos",Mercados y Comercio Digno,Alto,Regularización de patentes de mercado. | afinado: Regularizar patentes formaliza el comercio del mercado.
C197,Modernizar la Maestranza municipal y aumentar la producción de mobiliario educativo,Ciudad de Cuidados y Derechos,"Subalcaldía / Maestranza de Hampaturi, La Paz",Plan de Rehabilitacion Escolar,Infraestructura y Equipamiento Educativo,Alto,Maestranza produce mobiliario educativo. | afinado: Modernizar la Maestranza para producir mobiliario educativo equipa las escuelas.
C198,Ejecutar el ordenamiento y la reposición del mobiliario educativo en las unidades educativas,Ciudad de Cuidados y Derechos,"Subalcaldía / Maestranza de Hampaturi, La Paz",Plan de Rehabilitacion Escolar,Infraestructura y Equipamiento Educativo,Alto,Reposición de mobiliario educativo.
C199,Potenciar el desarrollo productivo y agrícola del área rural de Hampaturi,Ciudad Productiva,"Subalcaldía / Maestranza de Hampaturi, La Paz",Distritos con Identidad Productiva,"Planificacion Productiva, Competitividad y Oportunidades Territoriales",Alto,Desarrollo productivo agrícola rural (Hampaturi).
C200,Impulsar la reactivación económica de La Paz: feria 'Reactiva la Paz' y mesa metropolitana público-privada,Ciudad Productiva,"Reunión Reactiva la Paz (macrodistrito San Antonio), La Paz",Feria Metropolitana de Vocaciones,"Planificacion Productiva, Competitividad y Oportunidades Territoriales",Alto,Feria de reactivación y mesa metropolitana. | afinado: La feria Reactiva la Paz y la mesa público-privada impulsan las vocaciones productivas.
C201,Investigar la sustracción del equipamiento del parque Laikacota,Ciudad Verde,"Parque Laikacota, La Paz",Casa Ordenada,Fortalecimiento Institucional y Gestión Interna (paraguas CMI),Paraguas,Investigación puntual de sustracción.
C202,Sanear y reflotar la situación financiera de EMAVIAS,Ciudad Eficiente y Transparente,"EMAVIAS (planta de asfalto), La Paz",Auditoria y Reingenieria de EMAVERDE/EMAVIAS,Empresas Publicas Eficientes,Alto,Saneamiento financiero de EMAVIAS.
C203,Investigar el robo de asfaltos y auditar las contrataciones de EMAVIAS,Ciudad Eficiente y Transparente,"EMAVIAS (planta de asfalto), La Paz",Auditoria y Reingenieria de EMAVERDE/EMAVIAS,Empresas Publicas Eficientes,Alto,Auditoría de EMAVIAS.
C204,Coordinar con EPSAS la reposición del asfalto que rompe en las vías,Ciudad Conectada,"EMAVIAS (planta de asfalto), La Paz",La Vía es Nuestra: Calles completas para todas las personas.,Infraestructura Vial Estratégica,Alto,"Reposición de asfalto en vías. | afinado: La reposición de pavimento en vías corresponde a infraestructura vial, no a cuellos de botella."
C205,Habilitar los servicios externos de EMAVIAS y aprobar sus estatutos,Ciudad Eficiente y Transparente,"EMAVIAS (planta de asfalto), La Paz",Auditoria y Reingenieria de EMAVERDE/EMAVIAS,Empresas Publicas Eficientes,Alto,Servicios externos y estatutos de EMAVIAS. | afinado: Habilitar servicios y aprobar estatutos de EMAVIAS es reingeniería directa de la empresa pública.
C206,Ejecutar el plan de intervención integral de la piscina de Orcojahuira (San Antonio),Ciudad Vital,"Piscina de Orcojahuira (San Antonio), La Paz",Barrio Activo: Circuitos deportivos barriales,Deporte para la Vida,Alto,Intervención de piscina/infra deportiva. | afinado: Intervenir integralmente la piscina de Orcojahuira rehabilita infraestructura deportiva.
C207,Eliminar los sorteos de nichos del Cementerio General y permitir la elección directa y transparente,Ciudad Eficiente y Transparente,"Cementerio General, La Paz",Municipio Inteligente y Humano,Transformacion Digital Ciudadana,Alto,Transparencia en asignación de nichos. | afinado: Eliminar sorteos por elección directa y transparente digitaliza y transparenta el servicio del cementerio.
C208,Digitalizar y modernizar el registro del Cementerio General,Ciudad Eficiente y Transparente,"Cementerio General, La Paz",Municipio Inteligente y Humano,Transformacion Digital Ciudadana,Alto,Digitalización del registro del cementerio. | afinado: Digitalizar el registro del cementerio es transformación digital del servicio.
C209,Esclarecer los recursos de reconstrucción y ejecutar la nueva construcción de nichos del Cementerio General,Ciudad Planificada y Habitable,"Cementerio General, La Paz",Equipamos La Paz: Infraestructura con proposito humano,Equipamiento y Servicios Urbanos,Alto,Construcción de nichos del cementerio. | afinado: La construcción de nichos es equipamiento y servicio urbano municipal.
C210,Recuperar las bibliotecas municipales cedidas y rehabilitar la de Achachicala,Ciudad Cultural y Turística,"Biblioteca Municipal (Mercado), La Paz",Centros Culturales Barriales,Infraestructura Cultural y Recreativa,Alto,Bibliotecas municipales como infraestructura cultural. | afinado: Recuperar y rehabilitar bibliotecas es infraestructura cultural barrial.
C211,Digitalizar y conservar el acervo patrimonial de la Biblioteca Municipal,Ciudad Cultural y Turística,"Biblioteca Municipal (Mercado), La Paz",Memoria Viva: Adopta tu Patrimonio,Patrimonio para el Futuro,Alto,Conservación/digitalización de acervo patrimonial. | afinado: Digitalizar y conservar el acervo protege el patrimonio.
C212,Incrementar el presupuesto de la Biblioteca Municipal para la compra de libros y la conservación,Ciudad Cultural y Turística,"Biblioteca Municipal (Mercado), La Paz",Centros Culturales Barriales,Infraestructura Cultural y Recreativa,Alto,Fortalecimiento de biblioteca municipal. | afinado: Incrementar el presupuesto de la biblioteca fortalece la infraestructura cultural.
C213,Ejecutar la conservación y restauración del patrimonio de los museos municipales,Ciudad Cultural y Turística,"Museos municipales (Calle Jaén / Casa de Murillo), La Paz",Memoria Viva: Adopta tu Patrimonio,Patrimonio para el Futuro,Alto,Conservación y restauración de patrimonio de museos.
C214,Implementar una tarjeta única de acceso a los museos municipales,Ciudad Cultural y Turística,"Museos municipales (Calle Jaén / Casa de Murillo), La Paz",La Paz Se Vive: Rutas humanas y patrimoniales,Turismo de Altura,Alto,Tarjeta única de acceso a museos (turismo). | afinado: La tarjeta única de acceso a museos impulsa el turismo cultural.
C215,Habilitar parte del Palacio Consistorial como museo por su centenario,Ciudad Cultural y Turística,"Museos municipales (Calle Jaén / Casa de Murillo), La Paz",Memoria Viva: Adopta tu Patrimonio,Patrimonio para el Futuro,Alto,Palacio Consistorial como museo patrimonial.
C216,Devolver los cobros indebidos a los 87 pacientes y eliminar el cobro de certificados e informes médicos en el Hospital Los Pinos,Ciudad Vital,"Hospital Los Pinos, La Paz",Clinicas de Vida: Salud donde vives,Salud Primaria Integral,Alto,Eliminación de cobros indebidos en hospital. | afinado: Devolver cobros indebidos y eliminar cobros garantiza el acceso a la salud primaria.
C217,Reponer los extintores vencidos del Hospital Los Pinos y capacitar al personal en su uso,Ciudad Vital,"Hospital Los Pinos, La Paz",Servidores que Cuidan,Fortalecimiento Institucional y Gestión Interna (paraguas CMI),Paraguas,Seguridad operativa (extintores).
C218,Ampliar y mejorar la infraestructura del Hospital Los Pinos,Ciudad Vital,"Hospital Los Pinos, La Paz",Infraestructura de Centros de Salud y Educacion,Equipamiento y Servicios Urbanos,Alto,Ampliación de infraestructura hospitalaria.
C219,Ampliar y reubicar el Centro de Salud de Tembladerani con accesibilidad y más horarios,Ciudad Vital,"Centro de Salud Tembladerani (Cotahuma), La Paz",Infraestructura de Centros de Salud y Educacion,Equipamiento y Servicios Urbanos,Alto,Ampliación/reubicación de centro de salud.
C220,Garantizar que ningún paciente espere en la calle en el Centro de Salud de Tembladerani (guardia municipal),Ciudad Vital,"Centro de Salud Tembladerani (Cotahuma), La Paz",Casa Ordenada,Fortalecimiento Institucional y Gestión Interna (paraguas CMI),Paraguas,Atención operativa.
C221,Regularizar el derecho propietario del inmueble del Centro de Salud de Tembladerani,Ciudad Vital,"Centro de Salud Tembladerani (Cotahuma), La Paz",Tu Terreno Cuenta: Regularizacion con justicia social,Catastro Moderno y Justicia Urbana,Alto,Derecho propietario de centro de salud. | afinado: Regularizar el derecho propietario del centro de salud es catastro y justicia urbana.
C222,Renovar el extintor vencido y el equipamiento de seguridad del Centro de Salud de Tembladerani,Ciudad Vital,"Centro de Salud Tembladerani (Cotahuma), La Paz",Casa Ordenada,Fortalecimiento Institucional y Gestión Interna (paraguas CMI),Paraguas,Seguridad operativa (extintor).
C223,Ejecutar los estudios y la intervención integral de estabilización del muro cajón de Seguencoma (calle 16),Ciudad Planificada y Habitable,"Muro cajón de Seguencoma (calle 16), La Paz",Intervencion de 180 Taludes,Seguridad Ciudadana con Comunidad,Alto,Estabilización de muro cajón.
C224,Regularizar la publicidad en vía de la avenida Costanera y cuantificar el hurto de energía del alumbrado público,Ciudad Eficiente y Transparente,"Avenida Costanera (zona Las Cholas), La Paz",Regulacion del Espacio Publico,Parqueo y Control del Espacio Publico Vial,Alto,Publicidad en vía y hurto de energía. | afinado: Regularizar la publicidad en vía regula el espacio público vial.
C225,Actualizar el plan maestro de publicidad exterior de la ciudad (estudio de factibilidad por zonas),Ciudad Planificada y Habitable,"Centro Histórico / Avenida Costanera, La Paz",Regulacion del Espacio Publico,Parqueo y Control del Espacio Publico Vial,Alto,Plan maestro de publicidad exterior. | afinado: Actualizar el plan maestro de publicidad exterior regula el espacio público.
C226,Realizar la limpieza y el mantenimiento de la acera de la avenida Costanera (Las Cholas),Ciudad Conectada,"Avenida Costanera (zona Las Cholas), La Paz",Caminabilidad Distrital,Movilidad Urbana Sostenible,Alto,Limpieza/mantenimiento de acera. | afinado: Limpiar y mantener la acera de la Costanera mejora la caminabilidad.
C227,Transformar el Mercado Bolívar en un mercado digno (refacción integral),Ciudad Productiva,"Mercado Bolívar (calle Catacora, cerca de Plaza Murillo), La Paz","Mi Mercado, Mi Comunidad: Red de Mercados Dignos",Mercados y Comercio Digno,Alto,Transformación integral de mercado.
C228,Establecer la limpieza periódica (cada 6 meses) del Mercado Bolívar,Ciudad Productiva,"Mercado Bolívar (calle Catacora, cerca de Plaza Murillo), La Paz",Casa Ordenada,Fortalecimiento Institucional y Gestión Interna (paraguas CMI),Paraguas,Limpieza periódica de mercado. | afinado: Limpieza periódica de mercado: mantenimiento operativo recurrente.
C229,Reparar la filtración de humedad y renovar el sistema eléctrico de la Biblioteca Municipal (hemeroteca),Ciudad Cultural y Turística,"Biblioteca Municipal (Hemeroteca), La Paz",Mejoras en zonas patrimoniales,Rehabilitación de Barrios Históricos,Alto,Infraestructura de edificio patrimonial (biblioteca). | afinado: Reparar la humedad y el sistema eléctrico interviene un edificio patrimonial.
C230,Impulsar el programa 'La Paz sin petardos' y hacer cumplir la normativa,Ciudad de Cuidados y Derechos,,Servidores que Cuidan,Fortalecimiento Institucional y Gestión Interna (paraguas CMI),Paraguas,La Paz sin petardos (bienestar animal/ruido). | afinado: Campaña de cumplimiento normativo ('sin petardos'): sin proyecto específico en el catálogo.
C231,Evaluar y reforzar la estructura metálica del Parque Urbano Central (desequilibrada),Ciudad Planificada y Habitable,"Parque Urbano Central (patios SETRAM/Pumakatari), La Paz",Parque Urbano Central + Mercado Patrimonial,Turismo de Altura,Alto,Refuerzo estructural del Parque Urbano Central. | afinado: Reforzar la estructura metálica es directamente el proyecto del Parque Urbano Central.
C232,Modernizar el centro de monitoreo del transporte (190 cámaras) con inteligencia artificial,Ciudad Inteligente,"Parque Urbano Central (patios SETRAM/Pumakatari), La Paz",Paneles de Gestion en Tiempo Real,Ciudad Inteligente,Alto,Centro de monitoreo con IA. | afinado: Modernizar el centro de monitoreo con IA es gestión inteligente en tiempo real.
C233,Concluir la obra vial de Tacagua – San Juan Cotahuma y auditar el contrato,Ciudad Planificada y Habitable,"Avenida Tacagua – San Juan Cotahuma, La Paz",Vias Distritales de Conexion,Infraestructura Vial Estrategica,Alto,Obra vial de conexión.
C234,Estudiar y rehabilitar el túnel/bocamina de drenaje de San Juan Cotahuma,Ciudad Planificada y Habitable,"San Juan Cotahuma (túnel/bocamina), La Paz",Infraestructura de Drenaje Verde,Adaptacion Climatica Urbana y Gestion Hidrica,Alto,Drenaje/bocamina. | afinado: Rehabilitar el túnel/bocamina de drenaje es infraestructura de drenaje.
C235,Inspeccionar e intervenir el deslizamiento de Las Lomas / línea amarilla (Buenos Aires),Ciudad Planificada y Habitable,"Las Lomas / Buenos Aires (línea amarilla), Cotahuma, La Paz",Intervencion de 180 Taludes,Seguridad Ciudadana con Comunidad,Alto,Deslizamiento línea amarilla.
C236,Reutilizar los equipos médicos dados de baja e implementar el mantenimiento biomédico (convenio U. Católica),Ciudad Vital,"Hospital Municipal (red de Cotahuma), La Paz",Red de Salud Inteligente de Barrio,Salud Inteligente y Preventiva,Alto,Mantenimiento biomédico de equipos. | afinado: El mantenimiento biomédico de equipos fortalece la salud inteligente y preventiva.
C237,Verificar el derecho propietario y los permisos de construcción de las viviendas en riesgo del talud de Las Lomas,Ciudad Planificada y Habitable,"Las Lomas (talud), La Paz",Proteccion de Areas de Riesgo,Gestion del Suelo y Asentamientos Seguros,Alto,Viviendas en riesgo en talud.
C238,"Rehabilitar el frontón/complejo deportivo de San Antonio (baños, electricidad, canchas y parqueo)",Ciudad Vital,"Frontón / complejo deportivo de San Antonio, La Paz",Barrio Activo: Circuitos deportivos barriales,Deporte para la Vida,Alto,Rehabilitación de complejo deportivo. | afinado: Rehabilitar el frontón/complejo deportivo recupera infraestructura de deporte comunitario.
C239,Resolver el asentamiento estructural del Centro de Salud de Villa Armonía,Ciudad Vital,"Centro de Salud de Villa Armonía, La Paz",Infraestructura de Centros de Salud y Educacion,Equipamiento y Servicios Urbanos,Alto,Asentamiento estructural de centro de salud. | afinado: Resolver el asentamiento estructural del centro de salud es infraestructura de salud.
C240,Recuperar y regularizar el condominio de afectados de San Isidro (mal utilizado),Ciudad Planificada y Habitable,"San Isidro (Nieves-Linares), La Paz",Programa de Regularizacion con Seguridad,Gestion del Suelo y Asentamientos Seguros,Alto,Condominio de afectados. | afinado: Recuperar y regularizar el condominio de afectados es regularización del suelo con seguridad.
C241,"Refaccionar el Mercado Kollasuyo (techo, cañerías y luminarias)",Ciudad Productiva,"Mercado Kollasuyo, La Paz","Mi Mercado, Mi Comunidad: Red de Mercados Dignos",Mercados y Comercio Digno,Alto,Refacción integral de mercado.
C242,Establecer el lavado y la fumigación periódica (2 veces al año) del Mercado Kollasuyo,Ciudad Productiva,"Mercado Kollasuyo, La Paz",Casa Ordenada,Fortalecimiento Institucional y Gestión Interna (paraguas CMI),Paraguas,Lavado y fumigación de mercado. | afinado: Lavado y fumigación periódica de mercado: mantenimiento operativo recurrente.
C243,Auditar el CITE de Joyería (producción real vs. facturación) y esclarecer su manejo,Ciudad Eficiente y Transparente,"CITE de Joyería (Centro de Innovación Tecnológica, Costanera), La Paz",Control y Cuentas Claras,Fortalecimiento Institucional y Gestión Interna (paraguas CMI),Paraguas,Auditoría del CITE de Joyería. | afinado: Auditoría del CITE: acción de control interno.
C244,"Diagnosticar y reactivar el CITE de Joyería (certificación, refacción, personal y uso del equipamiento)",Ciudad Productiva,"CITE de Joyería (Centro de Innovación Tecnológica, Costanera), La Paz",Instituto Municipal de Emprendimiento,Ecosistema Municipal del Emprendimiento,Alto,Reactivación de centro de innovación productiva (CITE). | afinado: Diagnosticar y reactivar el CITE de Joyería fortalece el ecosistema de emprendimiento productivo.
C245,Verificar con inclinometría el resultado del proyecto de mitigación del deslizamiento de Valle de las Flores y esclarecer los cambios de alcance/presupuesto,Ciudad Planificada y Habitable,"Valle de las Flores / Callapa (distrito 16), macrodistrito San Antonio, La Paz",Intervencion de 180 Taludes,Seguridad Ciudadana con Comunidad,Alto,Verificación de mitigación de deslizamiento.
C246,"Ejecutar la Fase 2 de estabilización de Valle de las Flores (embovedado del río Quiswaras, drenaje pluvial y retiro de escombros)",Ciudad Planificada y Habitable,"Valle de las Flores / Callapa (distrito 16), macrodistrito San Antonio, La Paz",Intervencion de 180 Taludes,Seguridad Ciudadana con Comunidad,Alto,Fase 2 de estabilización (embovedado de río).
C247,"Rehabilitar los servicios de la zona afectada de Valle de las Flores (energía/alumbrado, vía y poste)",Ciudad Conectada,"Valle de las Flores / Callapa (distrito 16), macrodistrito San Antonio, La Paz",Vias Distritales de Conexion,Infraestructura Vial Estrategica,Alto,Reposición de servicios y vía post-deslizamiento. | afinado: Reponer vía y servicios tras el deslizamiento es infraestructura vial distrital.
C248,Resolver el drenaje y construir el muro de contención en la caja matriz del Parque de las Cebras,Ciudad Planificada y Habitable,"Parque de las Cebras, La Paz",Infraestructura de Drenaje Verde,Adaptacion Climatica Urbana y Gestion Hidrica,Alto,Drenaje y muro de contención en parque. | afinado: Resolver el drenaje y el muro de contención es infraestructura de drenaje.
C249,Conectar el servicio de agua del Parque de las Cebras (coordinación con EPSAS),Ciudad Planificada y Habitable,"Parque de las Cebras, La Paz",Casa Ordenada,Fortalecimiento Institucional y Gestión Interna (paraguas CMI),Paraguas,Conexión puntual de agua (EPSAS).
C250,"Retirar de inmediato los fierros sueltos, tapar huecos y asegurar cables en el Parque de las Cebras",Ciudad Verde,"Parque de las Cebras, La Paz",Parques Renovados con Comunidades,Areas Verdes y Parques Urbanos,Alto,"Seguridad del parque (Cebras). | afinado: Retirar fierros, tapar huecos y asegurar cables rehabilita el parque con la comunidad."
C251,Habilitar la puerta principal del Parque de las Cebras,Ciudad Verde,"Parque de las Cebras, La Paz",Parques Renovados con Comunidades,Areas Verdes y Parques Urbanos,Alto,Acceso del parque (Cebras). | afinado: Habilitar la puerta principal es parte de la renovación del parque.
C252,Reubicar o retirar los juegos en mal estado y las plantas mal ubicadas del Parque de las Cebras,Ciudad Verde,"Parque de las Cebras, La Paz",Parques Renovados con Comunidades,Areas Verdes y Parques Urbanos,Alto,Juegos/vegetación del parque (Cebras). | afinado: Reubicar juegos y vegetación renueva el parque con la comunidad.
C253,Instalar césped sintético e iluminación en las canchas del Parque de las Cebras,Ciudad Vital,"Parque de las Cebras, La Paz",Barrio Activo: Circuitos deportivos barriales,Deporte para la Vida,Alto,Césped e iluminación de canchas. | afinado: Instalar césped e iluminación en canchas es infraestructura de deporte comunitario.
C254,Retirar o regularizar la caseta inactiva del Ministerio de Salud en el Parque de las Cebras,Ciudad Eficiente y Transparente,"Parque de las Cebras, La Paz",Casa Ordenada,Fortalecimiento Institucional y Gestión Interna (paraguas CMI),Paraguas,Regularización puntual de caseta.
C255,Ejecutar el mantenimiento integral del Parque de las Cebras,Ciudad Verde,"Parque de las Cebras, La Paz",Mantenimiento Participativo,Areas Verdes y Parques Urbanos,Alto,Mantenimiento integral de parque.
C256,Investigar el presunto avasallamiento de terreno del Parque de las Cebras (caso Sr. Chura),Tareas operativas,"Parque de las Cebras, La Paz",Casa Ordenada,Fortalecimiento Institucional y Gestión Interna (paraguas CMI),Paraguas,Investigación puntual de avasallamiento.
C257,Programa de mantenimiento integral de las 226 unidades educativas,Ciudad de Cuidados y Derechos,,Plan de Rehabilitacion Escolar,Infraestructura y Equipamiento Educativo,Alto,Mantenimiento de unidades educativas.
C258,Asignar presupuesto específico para las unidades educativas desde la gestión 2027,Ciudad de Cuidados y Derechos,,Plan de Rehabilitacion Escolar,Infraestructura y Equipamiento Educativo,Alto,Presupuesto para unidades educativas. | afinado: Asignar presupuesto específico a las unidades educativas sostiene la rehabilitación escolar.
C259,"Programa de seguridad vial escolar (señalización, cebras y voluntarios)",Ciudad Conectada,,Educacion Vial Escolar,Seguridad y Cultura Vial,Alto,"Seguridad vial escolar, encaje directo."
C260,Poner a disposición más de 1.200 becas para estudiantes de La Paz,Ciudad de Cuidados y Derechos,,Itinerarios Educativos por Talento,Educacion para el Desarrollo,Alto,Becas para estudiantes. | afinado: Poner a disposición 1.200 becas responde a itinerarios educativos por talento.
C261,Programa integral de laboratorios y computación en las unidades educativas,Ciudad Inteligente,,Centros de Inclusion Digital,Educacion Digital y Tecnologias para la Vida,Alto,Laboratorios y computación en escuelas.
C262,Atender las necesidades prioritarias del Colegio Agustín Aspiazu (tinglado y laboratorio),Ciudad de Cuidados y Derechos,"Colegio Agustín Aspiazu, La Paz",Plan de Rehabilitacion Escolar,Infraestructura y Equipamiento Educativo,Alto,Tinglado y laboratorio de colegio.
C263,Reactivar y habilitar la maquinaria parada de EDME,Ciudad Eficiente y Transparente,"Predio de EDME, Bajo Llojeta, La Paz",Empresa Ciudad Humana: Servicios que transforman,Empresas Publicas Eficientes,Alto,Reactivación de maquinaria de EDME. | afinado: Reactivar la maquinaria de EDME hace eficiente y operativo el servicio de la empresa municipal.
C264,Auditar las contrataciones a terceros de EDME (~Bs 167 millones),Ciudad Eficiente y Transparente,"Predio de EDME, Bajo Llojeta, La Paz",Control y Cuentas Claras,Fortalecimiento Institucional y Gestión Interna (paraguas CMI),Paraguas,Auditoría de contrataciones de EDME. | afinado: Auditoría de contrataciones: acción de control interno.
C265,Dar de baja el inventario y repuestos obsoletos del almacén de EDME,Ciudad Eficiente y Transparente,"Predio de EDME, Bajo Llojeta, La Paz",Casa Ordenada,Fortalecimiento Institucional y Gestión Interna (paraguas CMI),Paraguas,"Baja de inventario, operativo."
C266,Regularizar el derecho propietario e intervenir el deslizamiento del predio de EDME,Ciudad Planificada y Habitable,"Predio de EDME, Bajo Llojeta, La Paz",Intervencion de 180 Taludes,Seguridad Ciudadana con Comunidad,Alto,Deslizamiento del predio de EDME.
C267,Habilitar el surtidor propio y el tanque pulmón de EDME,Ciudad Eficiente y Transparente,"Predio de EDME, Bajo Llojeta, La Paz",Casa Ordenada,Fortalecimiento Institucional y Gestión Interna (paraguas CMI),Paraguas,Infraestructura operativa (surtidor).
C268,Implementar el sistema predictivo de repuestos (CRM) y subir el sistema Maresto a la nube,Ciudad Inteligente,"Predio de EDME, Bajo Llojeta, La Paz",Municipio Inteligente y Humano,Transformacion Digital Ciudadana,Alto,Sistema predictivo/nube de EDME. | afinado: El CRM predictivo de repuestos y la nube de EDME son digitalización de la gestión municipal.
C269,Mejorar las condiciones laborales del personal de EDME (duchas y vestuarios),Ciudad de Cuidados y Derechos,"Predio de EDME, Bajo Llojeta, La Paz",Servidores que Cuidan,Fortalecimiento Institucional y Gestión Interna (paraguas CMI),Paraguas,Condiciones laborales operativas.
