Eje,Nº Programa,Programa,Proyecto,Objetivo (matriz),Tipo (estratégico/general/fortalecimiento),Objetivo del proyecto,"Meta (medible, con cantidad y fecha)",Indicador(es),Resultado 2030,Responsable principal (MOF),Concurrentes (multi-secretaría),Presupuesto estimado (Bs),Fuente de financiamiento,¿Va al Concejo?,RICE Alcance,RICE Impacto (0.25-3),RICE Confianza (%),RICE Esfuerzo (persona-mes),RICE Puntaje,Plazo / hito principal,Actividades (resumen),Compromisos vinculados (C###)
EJE I.,1,Política Urbana Integral y Gobernanza del Territorio,Pacto Urbano Ciudad Humana: Carta de principios firmada y socializada.,Establecer principios rectores y visión urbana compartida hasta 2050.,,,,,,,,,,,,,,,,,,
EJE I.,1,Política Urbana Integral y Gobernanza del Territorio,Carta Urbana de La Paz 2050,,,,,,,,,,,,,,,,,,,
EJE I.,1,Política Urbana Integral y Gobernanza del Territorio,Carta Urbana de La Paz,,,,,,,,,,,,,,,,,,,
EJE I.,1,Política Urbana Integral y Gobernanza del Territorio,Observatorio de Gobernanza Urbana,,,,,,,,,,,,,,,,,,,
EJE I.,2,Normativa Urbana y Convenios,Portal de Normas Urbanas Vivas.,Facilitar compromisos formales con sectores y territorios.,,,,,,,,,,,,,,,,,,
EJE I.,2,Normativa Urbana y Convenios,Paragua Normativo para el Desarrollo,,,,,,,,,,,,,,,,,,,
EJE I.,2,Normativa Urbana y Convenios,Banco de Convenios Urbanos,,,,,,,,,,,,,,,,,,,
EJE I.,2,Normativa Urbana y Convenios,Reforma del Código Municipal Urbano,,,,,,,,,,,,,,,,,,,
EJE I.,3,Planificación Urbana Operativa,La Paz Planifica con la Gente.,Monitorear el crecimiento y facilitar decisiones basadas en datos.,,,,,,,,,,,,,,,,,,
EJE I.,3,Planificación Urbana Operativa,Observatorio Urbano Digital,,,,,,,,,,,,,,,,,,,
EJE I.,3,Planificación Urbana Operativa,POT por Distritos,,,,,,,,,,,,,,,,,,,
EJE I.,3,Planificación Urbana Operativa,Plataforma de Planificación Digital,,,,,,,,,,,,,,,,,,,
EJE I.,4,Reforma Institucional y Gestión Municipal por Resultados,Archivo Digital Abierto de la Ciudad.,Implementar una organización orientada a la gestión territorial efectiva.,,,,,,,,,,,,,,,,,,
EJE I.,4,Reforma Institucional y Gestión Municipal por Resultados,Gobierno Abierto en Territorio.,Implementar una organización orientada a la gestión territorial efectiva.,,,,,,,,,,,,,,,,,,
EJE I.,4,Reforma Institucional y Gestión Municipal por Resultados,Nueva Estructura Municipal Territorizada,,,,,,,,,,,,,,,,,,,
EJE I.,4,Reforma Institucional y Gestión Municipal por Resultados,Rediseño Organizativo GAMLP,,,,,,,,,,,,,,,,,,,
EJE I.,4,Reforma Institucional y Gestión Municipal por Resultados,Indicadores por distrito,,,,,,,,,,,,,,,,,,,
EJE I.,5,Sistema de Recaudación Municipal,La Paz Gana con Tu Aporte.,Promover cultura tributaria con beneficios y corresponsabilidad.,,,,,,,,,,,,,,,,,,
EJE I.,5,Sistema de Recaudación Municipal,Contribuyente Humano: Reconocimiento ciudadano.,Promover cultura tributaria con beneficios y corresponsabilidad.,,,,,,,,,,,,,,,,,,
EJE I.,5,Sistema de Recaudación Municipal,Fondos Ciudadanos para Proyectos Locales.,Promover cultura tributaria con beneficios y corresponsabilidad.,,,,,,,,,,,,,,,,,,
EJE I.,5,Sistema de Recaudación Municipal,Ciudadanía Fiscal Responsable,,,,,,,,,,,,,,,,,,,
EJE I.,5,Sistema de Recaudación Municipal,Aplicativo de Pago Móvil Municipal,,,,,,,,,,,,,,,,,,,
EJE I.,6,Presupuesto y POA Transparente,Presupuesto Participativo Vecinal.,Facilitar seguimiento de metas presupuestarias por distrito.,,,,,,,,,,,,,,,,,,
EJE I.,6,Presupuesto y POA Transparente,POA Visual Ciudadano,,,,,,,,,,,,,,,,,,,
EJE I.,6,Presupuesto y POA Transparente,Ranking por ejecución y calidad de obras - 10 premios de 100.000 en obras,,,,,,,,,,,,,,,,,,,
EJE I.,6,Presupuesto y POA Transparente,POA Visual Participativo,,,,,,,,,,,,,,,,,,,
EJE I.,6,Presupuesto y POA Transparente,Ranking Distrital de Cumplimiento,,,,,,,,,,,,,,,,,,,
EJE I.,7,Transparencia y Ética Pública Municipal,Transparencia en 1 Click.,Plataforma de transparencia con datos abiertos e infografías.,,,,,,,,,,,,,,,,,,
EJE I.,7,Transparencia y Ética Pública Municipal,Confía La Paz,,,,,,,,,,,,,,,,,,,
EJE I.,8,Participación y Control Social Organizado,Red de Veeduría Ciudad Humana.,Formar actores ciudadanos en fiscalización y seguimiento de obras.,,,,,,,,,,,,,,,,,,
EJE I.,8,Participación y Control Social Organizado,Escuela de Contralores Sociales,,,,,,,,,,,,,,,,,,,
EJE I.,9,Auditoría Técnica y Evaluación Pública,Ciudad con Ojos Abiertos.,Plataforma para validar calidad y avance de proyectos vecinales.,,,,,,,,,,,,,,,,,,
EJE I.,9,Auditoría Técnica y Evaluación Pública,Evalúa Tu Obra,,,,,,,,,,,,,,,,,,,
EJE I.,10,Presupuesto Participativo y Contraloría Social,Presupuesta Tu Barrio.,"Implementar un proceso participativo, digital y deliberativo.",,,,,,,,,,,,,,,,,,
EJE I.,10,Presupuesto Participativo y Contraloría Social,La Paz Decide,,,,,,,,,,,,,,,,,,,
EJE I.,11,Estrategia de Financiamiento Mixto y Fondos Fiduciarios,Banco Social de la Ciudad.,"Crear un mecanismo ágil, auditable y transparente para canalizar inversión estructural.",,,,,,,,,,,,,,,,,,
EJE I.,11,Estrategia de Financiamiento Mixto y Fondos Fiduciarios,Ciudad Humana Invierte,,,,,,,,,,,,,,,,,,,
EJE I.,11,Estrategia de Financiamiento Mixto y Fondos Fiduciarios,Fondo Fiduciario Ciudad Humana (FFCH),,,,,,,,,,,,,,,,,,,
EJE I.,11,Estrategia de Financiamiento Mixto y Fondos Fiduciarios,Unidad Técnica de Proyectos,,,,,,,,,,,,,,,,,,,
EJE I.,12,Estrategia de Financiamiento con participación Privada,Alianzas por la Vida Urbana.,Campaña multisectorial para atraer inversión en proyectos visibles.,,,,,,,,,,,,,,,,,,
EJE I.,12,Estrategia de Financiamiento con participación Privada,Aliados por la Ciudad Humana,,,,,,,,,,,,,,,,,,,
EJE I.,12,Estrategia de Financiamiento con participación Privada,Ventanilla de APP para servicios urbanos,,,,,,,,,,,,,,,,,,,
EJE I.,13,Gestión de Recursos Estatales y Cooperación Internacional,Mapa Integrado de Políticas de Ciudad.,Agenda de proyectos presentada al Gobierno Nacional y multilaterales.,,,,,,,,,,,,,,,,,,
EJE I.,13,Gestión de Recursos Estatales y Cooperación Internacional,La Paz Merece Más,,,,,,,,,,,,,,,,,,,
EJE I.,13,Gestión de Recursos Estatales y Cooperación Internacional,La Paz Merece,,,,,,,,,,,,,,,,,,,
EJE I.,13,Gestión de Recursos Estatales y Cooperación Internacional,Convenios con BID/CAF/ONU,,,,,,,,,,,,,,,,,,,
EJE I.,13,Gestión de Recursos Estatales y Cooperación Internacional,Hábitat,,,,,,,,,,,,,,,,,,,
EJE I.,14,Transformación Digital Ciudadana,Municipio Inteligente y Humano.,"Plataforma integral para interacción ciudadana, trámites, control social y servicios digitales",,,,,,,,,,,,,,,,,,
EJE I.,14,Transformación Digital Ciudadana,Plataforma Ciudad Digital,,,,,,,,,,,,,,,,,,,
EJE I.,14,Transformación Digital Ciudadana,Ciudad Digital Participativa,,,,,,,,,,,,,,,,,,,
EJE I.,14,Transformación Digital Ciudadana,Registro Único del Ciudadano,,,,,,,,,,,,,,,,,,,
EJE II.,15,Salud Primaria Integral,Clínicas de Vida: Salud donde vives.,"Consolidar centros de primer y segundo nivel con atención continua, insumos, y equipo humano.",,,,,,,,,,,,,,,,,,
EJE II.,15,Salud Primaria Integral,"Eje I (Financiamiento), Eje IV (Empleo), Eje IX (Ambiente saludable)",,,,,,,,,,,,,,,,,,,
EJE II.,15,Salud Primaria Integral,Centros Distritales,,,,,,,,,,,,,,,,,,,
EJE II.,15,Salud Primaria Integral,Red de Salud Familiar,,,,,,,,,,,,,,,,,,,
EJE II.,16,Salud Inteligente y Preventiva,Red de Salud Inteligente de Barrio.,Crear un sistema digital integrado de vigilancia epidemiológica y prevención.,,,,,,,,,,,,,,,,,,
EJE II.,16,Salud Inteligente y Preventiva,"Eje III (Innovación), Eje VIII (Movilidad sanitaria), Eje IX (Clima)",,,,,,,,,,,,,,,,,,,
EJE II.,16,Salud Inteligente y Preventiva,Laboratorio de Vigilancia Epidemiológica,,,,,,,,,,,,,,,,,,,
EJE II.,16,Salud Inteligente y Preventiva,App de Salud Preventiva,,,,,,,,,,,,,,,,,,,
EJE II.,17,Salud Mental Comunitaria,"La Paz Te Escucha: Espacios de escucha, contención y acompañamiento.",Crear centros de atención emocional en todos los distritos.,,,,,,,,,,,,,,,,,,
EJE II.,17,Salud Mental Comunitaria,"Eje V (Redes de cuidado), Eje VI (Cultura), Eje IV (Juventudes)",,,,,,,,,,,,,,,,,,,
EJE II.,17,Salud Mental Comunitaria,Centros Distritales de Salud Mental,,,,,,,,,,,,,,,,,,,
EJE II.,17,Salud Mental Comunitaria,Brigadas Escolares de Apoyo Psicológico,,,,,,,,,,,,,,,,,,,
EJE II.,18,Deporte para la Vida (Formativo y comunitario),Barrio Activo: Circuitos deportivos barriales.,"Creación de 50 escuelas deportivas gratuitas en barrios populares con entrenadores formadores, acompañamiento emocional y articulación con unidades educativas.",,,,,,,,,,,,,,,,,,
EJE II.,18,Deporte para la Vida (Formativo y comunitario),"Eje III (Educación), Eje IV (Juventud), Eje V (Prevención)",,,,,,,,,,,,,,,,,,,
EJE II.,18,Deporte para la Vida (Formativo y comunitario),"Eje VII (Espacio público), Eje V (Seguridad), Eje IV (Juventud)",,,,,,,,,,,,,,,,,,,
EJE II.,18,Deporte para la Vida (Formativo y comunitario),Escuelas Deportivas Barriales,,,,,,,,,,,,,,,,,,,
EJE II.,18,Deporte para la Vida (Formativo y comunitario),Deporte con Propósito (Disciplina + valores),,,,,,,,,,,,,,,,,,,
EJE II.,19,Deporte de Alto Rendimiento Paceño (Competitivo y de representación),"Eje VI (Cultura), Eje IV (Juventud), Eje X (Metropolitano)",,,,,,,,,,,,,,,,,,,
EJE II.,19,Deporte de Alto Rendimiento Paceño (Competitivo y de representación),Centro de Alto Rendimiento Paceño,,,,,,,,,,,,,,,,,,,
EJE II.,19,Deporte de Alto Rendimiento Paceño (Competitivo y de representación),Becas para Atletas Urbanos,,,,,,,,,,,,,,,,,,,
EJE II.,20,Control de Alimentos y Salud Nutricional,"Aliméntate Bien, Vive Mejor: Etiqueta municipal de alimentos seguros.",Implementar unidades de control sanitario y educación nutricional.,,,,,,,,,,,,,,,,,,
EJE II.,20,Control de Alimentos y Salud Nutricional,"Eje IV (Mercados), Eje I (Participación), Eje VII (Control urbano)",,,,,,,,,,,,,,,,,,,
EJE II.,20,Control de Alimentos y Salud Nutricional,Reservorios Urbanos,,,,,,,,,,,,,,,,,,,
EJE II.,20,Control de Alimentos y Salud Nutricional,Red de Recolección Pluvial,,,,,,,,,,,,,,,,,,,
EJE II.,21,Agua Segura y Gestión Hídrica,Agua para la Vida: Redes solidarias y tanques comunitarios.,"Generar brigadas de prevención, tanques de reserva, filtros, y control comunitario.",,,,,,,,,,,,,,,,,,
EJE II.,21,Agua Segura y Gestión Hídrica,"Eje IX (Adaptación Climática), Eje X (Gobernanza Metropolitana), Eje I (POA resiliente)",,,,,,,,,,,,,,,,,,,
EJE II.,21,Agua Segura y Gestión Hídrica,Laboratorio Municipal de Alimentos,,,,,,,,,,,,,,,,,,,
EJE II.,21,Agua Segura y Gestión Hídrica,Etiquetado Municipal para Comer Bien,,,,,,,,,,,,,,,,,,,
EJE II.,22,Defensa del Consumidor,Alerta Justa: App para control comunitario de abusos.,Crear canales rápidos de denuncia y mediación municipal.,,,,,,,,,,,,,,,,,,
EJE II.,22,Defensa del Consumidor,"Eje I (Digitalización), Eje IV (Economía local), Eje V (Justicia comunitaria)",,,,,,,,,,,,,,,,,,,
EJE II.,22,Defensa del Consumidor,Ventanilla del Consumidor Municipal,,,,,,,,,,,,,,,,,,,
EJE II.,22,Defensa del Consumidor,Brigadas de Control de Abusos,,,,,,,,,,,,,,,,,,,
EJE III.,23,Infraestructura y Equipamiento Educativo,"Eje II (Salud Escolar), Eje I (Financiamiento), Eje VII (Equipamiento)",,,,,,,,,,,,,,,,,,,
EJE III.,23,Infraestructura y Equipamiento Educativo,Plan de Rehabilitación Escolar,,,,,,,,,,,,,,,,,,,
EJE III.,23,Infraestructura y Equipamiento Educativo,Mantenimiento con Brigadas Ciudadanas,,,,,,,,,,,,,,,,,,,
EJE III.,24,Educación para el Desarrollo,Escuela de Ciudadanía Viva y Aprendizaje Colectivo.,"Diseñar currículas complementarias en valores, clima, género, cultura digital y comunidad.",,,,,,,,,,,,,,,,,,
EJE III.,24,Educación para el Desarrollo,"Eje IV (Juventudes), Eje IX (Clima), Eje V (Convivencia)",,,,,,,,,,,,,,,,,,,
EJE III.,24,Educación para el Desarrollo,Programa “Aprender para la Vida”,,,,,,,,,,,,,,,,,,,
EJE III.,24,Educación para el Desarrollo,Itinerarios Educativos por Talento,,,,,,,,,,,,,,,,,,,
EJE III.,25,Educación Digital y Tecnologías para la Vida,Ciudad Crea: Laboratorios de Innovación Ciudadana.,"Centros barriales con wifi, capacitación en apps, ciudadanía digital y plataformas.",,,,,,,,,,,,,,,,,,
EJE III.,25,Educación Digital y Tecnologías para la Vida,"Eje I (Transformación digital), Eje IV (Empleo), Eje VIII (Conectividad)",,,,,,,,,,,,,,,,,,,
EJE III.,25,Educación Digital y Tecnologías para la Vida,Conectividad Total Distrital,,,,,,,,,,,,,,,,,,,
EJE III.,25,Educación Digital y Tecnologías para la Vida,Centros de Inclusión Digital,,,,,,,,,,,,,,,,,,,
EJE III.,26,Innovación y Tecnología Aplicada,"Eje IX (Economía Circular), Eje VIII (Movilidad), Eje VI (Turismo)",,,,,,,,,,,,,,,,,,,
EJE III.,26,Innovación y Tecnología Aplicada,Hackatones Urbanas,,,,,,,,,,,,,,,,,,,
EJE III.,26,Innovación y Tecnología Aplicada,Desafíos Ciudadanos de Soluciones,,,,,,,,,,,,,,,,,,,
EJE III.,27,Ciudad Inteligente,"Eje I (Digitalización), Eje VII (Ordenamiento), Eje VIII (Control vehicular)",,,,,,,,,,,,,,,,,,,
EJE III.,27,Ciudad Inteligente,Red de Datos Urbanos,,,,,,,,,,,,,,,,,,,
EJE III.,27,Ciudad Inteligente,Paneles de Gestión en Tiempo Real,,,,,,,,,,,,,,,,,,,
EJE III.,28,Laboratorios Urbanos de Innovación Social,Ciudad Humana Innova: Feria anual de soluciones urbanas.,"Espacios comunitarios para idear y testear ideas en salud, seguridad, cultura o reciclaje.",,,,,,,,,,,,,,,,,,
EJE III.,28,Laboratorios Urbanos de Innovación Social,"Eje VI (Cultura), Eje II (Salud mental), Eje IV (Juventudes)",,,,,,,,,,,,,,,,,,,
EJE III.,28,Laboratorios Urbanos de Innovación Social,Proyectos pilotos vecinales,,,,,,,,,,,,,,,,,,,
EJE III.,28,Laboratorios Urbanos de Innovación Social,Fondos de Innovación Participativa,,,,,,,,,,,,,,,,,,,
EJE IV.,29,Autonomía Económica de Mujeres,Fuerza Mujer: Fondo y Red de Apoyo Económico Local.,"Red de capacitación, emprendimiento femenino, fondo semilla y espacios seguros de cuidado.",,,,,,,,,,,,,,,,,,
EJE IV.,29,Autonomía Económica de Mujeres,"Eje V (Igualdad), Eje III (Educación Digital)",,,,,,,,,,,,,,,,,,,
EJE IV.,29,Autonomía Económica de Mujeres,Fuerza Mujer (fondo semilla + cuidados),,,,,,,,,,,,,,,,,,,
EJE IV.,29,Autonomía Económica de Mujeres,Escuelas Productivas para Mujeres,,,,,,,,,,,,,,,,,,,
EJE IV.,30,Juventudes con Futuro,Jóvenes que Transforman: Escuelas de Liderazgo y Emprendimiento.,"10 centros juveniles distritales con enfoque en liderazgo, robótica, deporte y emprendimiento social.",,,,,,,,,,,,,,,,,,
EJE IV.,30,Juventudes con Futuro,"Pasantes para el desarrollo ""Mi primer empleo al servico de La Paz""",,,,,,,,,,,,,,,,,,,
EJE IV.,30,Juventudes con Futuro,"Eje III (Tecnología), Eje VI (Cultura), Eje II (Salud Mental)",,,,,,,,,,,,,,,,,,,
EJE IV.,30,Juventudes con Futuro,Líderes del Bicentenario,,,,,,,,,,,,,,,,,,,
EJE IV.,30,Juventudes con Futuro,Centros de Formación y Liderazgo Juvenil,,,,,,,,,,,,,,,,,,,
EJE IV.,31,Empleo Productivo y Sostenible,Empleo con Rostro Humano: Ferias y Bolsas de Trabajo Comunitarias.,"Talleres de producción local (textil, alimentos, tecnología) con empleabilidad barrial.",,,,,,,,,,,,,,,,,,
EJE IV.,31,Empleo Productivo y Sostenible,"Eje VII (Equipamiento), Eje IX (Reciclaje)",,,,,,,,,,,,,,,,,,,
EJE IV.,31,Empleo Productivo y Sostenible,Fábricas Urbanas Barriales,,,,,,,,,,,,,,,,,,,
EJE IV.,31,Empleo Productivo y Sostenible,Escuelas Taller Municipales,,,,,,,,,,,,,,,,,,,
EJE IV.,32,Empresas Públicas Eficientes,Empresa Ciudad Humana: Servicios que transforman.,"Auditoría técnica y rediseño de EMAVERDE, EMAVIAS, EPSAS y otras.",,,,,,,,,,,,,,,,,,
EJE IV.,32,Empresas Públicas Eficientes,"Eje I (Transparencia), Eje IX (Agua)",,,,,,,,,,,,,,,,,,,
EJE IV.,32,Empresas Públicas Eficientes,Auditoría y Reingeniería de EMAVERDE/EMAVIAS,,,,,,,,,,,,,,,,,,,
EJE IV.,32,Empresas Públicas Eficientes,Centro de Control de Empresas Municipales,,,,,,,,,,,,,,,,,,,
EJE IV.,33,Nuevas Empresas Mixtas,"Eje IX (Residuos), Eje II (Salud), Eje VIII (Logística)",,,,,,,,,,,,,,,,,,,
EJE IV.,33,Nuevas Empresas Mixtas,Empresa de Alimentos Populares,,,,,,,,,,,,,,,,,,,
EJE IV.,33,Nuevas Empresas Mixtas,Empresa Municipal de Residuos,,,,,,,,,,,,,,,,,,,
EJE IV.,34,Mercados y Comercio Digno,"Mi Mercado, Mi Comunidad: Red de Mercados Dignos.","Intervención integral en 30 mercados para infraestructura, digitalización y salud alimentaria.",,,,,,,,,,,,,,,,,,
EJE IV.,34,Mercados y Comercio Digno,"Eje VII (Equipamiento), Eje II (Salud), Eje VI (Cultura)",,,,,,,,,,,,,,,,,,,
EJE IV.,34,Mercados y Comercio Digno,Mercados Ciudad Humana,,,,,,,,,,,,,,,,,,,
EJE IV.,34,Mercados y Comercio Digno,Red de Comercio Digital,,,,,,,,,,,,,,,,,,,
EJE IV.,35,"Planificación Productiva, Competitividad y Oportunidades Territoriales",Distritos con Identidad Productiva.,"Estudios y planes distritales para turismo, agroindustria, economía verde y manufactura.",,,,,,,,,,,,,,,,,,
EJE IV.,35,"Planificación Productiva, Competitividad y Oportunidades Territoriales","Eje IX (Vocación Rural), Eje VI (Turismo), Eje VII (Ordenamiento)",,,,,,,,,,,,,,,,,,,
EJE IV.,35,"Planificación Productiva, Competitividad y Oportunidades Territoriales",Distritos Productivos,,,,,,,,,,,,,,,,,,,
EJE IV.,35,"Planificación Productiva, Competitividad y Oportunidades Territoriales",Feria Metropolitana de Vocaciones,,,,,,,,,,,,,,,,,,,
EJE IV.,36,Ecosistema Municipal del Emprendimiento,Impulsa Tu Sueño: Aceleradora de Emprendimientos Sociales.,"Centro de formación, incubadora, ferias distritales, mentorías, plataforma digital de apoyo.",,,,,,,,,,,,,,,,,,
EJE IV.,36,Ecosistema Municipal del Emprendimiento,"Eje III (Innovación), Eje IX (Circular), Eje X (Metropolitano)",,,,,,,,,,,,,,,,,,,
EJE IV.,36,Ecosistema Municipal del Emprendimiento,Instituto Municipal de Emprendimiento,,,,,,,,,,,,,,,,,,,
EJE IV.,36,Ecosistema Municipal del Emprendimiento,Ferias + Incubadoras,,,,,,,,,,,,,,,,,,,
EJE IV.,37,"Economía Social, Solidaria y Popular",Red Solidaria La Paz: Plataforma de Consumo Justo.,Mapeo y fortalecimiento de más de 100 redes económicas barriales autogestionadas.,,,,,,,,,,,,,,,,,,
EJE IV.,37,"Economía Social, Solidaria y Popular",Centros de Oportunidades Ciudadanas.,Mapeo y fortalecimiento de más de 100 redes económicas barriales autogestionadas.,,,,,,,,,,,,,,,,,,
EJE IV.,37,"Economía Social, Solidaria y Popular",Tu Barrio tu cooperativa,,,,,,,,,,,,,,,,,,,
EJE IV.,37,"Economía Social, Solidaria y Popular","Eje II (Salud), Eje IX (Reciclaje), Eje V (Adultos Mayores)",,,,,,,,,,,,,,,,,,,
EJE IV.,37,"Economía Social, Solidaria y Popular",Redes de Trueque y Ferias Solidarias,,,,,,,,,,,,,,,,,,,
EJE IV.,37,"Economía Social, Solidaria y Popular",Cooperativas Barriales,,,,,,,,,,,,,,,,,,,
EJE V.,38,Ciudad Longeva y Activa,Red de Centros Vida: Clubes del Buen Vivir para Adultos Mayores.,"Centros distritales de socialización, salud y participación activa.",,,,,,,,,,,,,,,,,,
EJE V.,38,Ciudad Longeva y Activa,"Eje II (Salud), Eje IX (Verde)",,,,,,,,,,,,,,,,,,,
EJE V.,38,Ciudad Longeva y Activa,Casas Distritales del Adulto Mayor,,,,,,,,,,,,,,,,,,,
EJE V.,38,Ciudad Longeva y Activa,Clubes de Movimiento y Memoria,,,,,,,,,,,,,,,,,,,
EJE V.,39,Ciudad Inclusiva con Discapacidad,"Ruta Inclusiva: Calles, plazas y servicios para todos.","Infraestructura accesible, bonos solidarios, cultura inclusiva.",,,,,,,,,,,,,,,,,,
EJE V.,39,Ciudad Inclusiva con Discapacidad,"Eje VII (Infraestructura), Eje III (Innovación)",,,,,,,,,,,,,,,,,,,
EJE V.,39,Ciudad Inclusiva con Discapacidad,Red de Accesibilidad Territorial,,,,,,,,,,,,,,,,,,,
EJE V.,39,Ciudad Inclusiva con Discapacidad,Banco de Ayudas Técnicas,,,,,,,,,,,,,,,,,,,
EJE V.,40,Infancia y Adolescencia Protegida,"Voces Pequeñas, Decisiones Grandes: Participación Infantil Barrial.","Brigadas escolares, ludotecas, unidades móviles de atención.",,,,,,,,,,,,,,,,,,
EJE V.,40,Infancia y Adolescencia Protegida,"Eje II (Salud mental), Eje VI (Cultura)",,,,,,,,,,,,,,,,,,,
EJE V.,40,Infancia y Adolescencia Protegida,Escuelas de Familias,,,,,,,,,,,,,,,,,,,
EJE V.,40,Infancia y Adolescencia Protegida,Casas de Protección Integral,,,,,,,,,,,,,,,,,,,
EJE V.,41,Ciudad Segura para las Mujeres,Ciudad de La Mujer,,,,,,,,,,,,,,,,,,,
EJE V.,41,Ciudad Segura para las Mujeres,"Eje IX (Salud Ambiental), Eje VI (Cultura Comunitaria)",,,,,,,,,,,,,,,,,,,
EJE V.,41,Ciudad Segura para las Mujeres,Centro de Bienestar Animal,,,,,,,,,,,,,,,,,,,
EJE V.,41,Ciudad Segura para las Mujeres,Brigadas de Protección de Mascotas,,,,,,,,,,,,,,,,,,,
EJE V.,42,Seguridad Ciudadana con Comunidad,Barrios Seguros desde la Comunidad: Alarmas con vecinos y cultura de paz.,"Cámaras, luminarias, alarmas comunitarias, patrullaje conjunto.",,,,,,,,,,,,,,,,,,
EJE V.,42,Seguridad Ciudadana con Comunidad,"Eje IX (Adaptación Climática), Eje I (Gestión de Riesgo)",,,,,,,,,,,,,,,,,,,
EJE V.,42,Seguridad Ciudadana con Comunidad,Intervención de 180 Taludes,,,,,,,,,,,,,,,,,,,
EJE V.,42,Seguridad Ciudadana con Comunidad,Forestación de Quebradas,,,,,,,,,,,,,,,,,,,
EJE V.,43,Redes de Cuidado Intergeneracional,Tejiendo Cuidados: Espacios de encuentro entre generaciones.,"Espacios de encuentro entre jóvenes, adultos mayores y cuidadores.",,,,,,,,,,,,,,,,,,
EJE V.,43,Redes de Cuidado Intergeneracional,"Eje VII (Catastro), Eje X (Mancomunidad)",,,,,,,,,,,,,,,,,,,
EJE V.,43,Redes de Cuidado Intergeneracional,Programa de Alquiler Social,,,,,,,,,,,,,,,,,,,
EJE V.,43,Redes de Cuidado Intergeneracional,Mejoramiento de Viviendas Populares,,,,,,,,,,,,,,,,,,,
EJE V.,44,Atención a Personas en Situación de Calle,"Eje I (Participación), Eje III (Educación Legal)",,,,,,,,,,,,,,,,,,,
EJE V.,44,Atención a Personas en Situación de Calle,Casas Distritales de Justicia,,,,,,,,,,,,,,,,,,,
EJE V.,44,Atención a Personas en Situación de Calle,Mediación Comunitaria,,,,,,,,,,,,,,,,,,,
EJE V.,45,Ciudad Protectora de Animales,Patitas Seguras: Veterinarias comunitarias y adopción responsable.,"Centro de atención veterinaria, esterilización, control y adopción.",,,,,,,,,,,,,,,,,,
EJE V.,45,Ciudad Protectora de Animales,"Eje I (APPs), Eje VIII (Iluminación)",,,,,,,,,,,,,,,,,,,
EJE V.,45,Ciudad Protectora de Animales,Redes Vecinales Inteligentes,,,,,,,,,,,,,,,,,,,
EJE V.,45,Ciudad Protectora de Animales,Iluminación Pública Participativa,,,,,,,,,,,,,,,,,,,
EJE VI.,46,Culturas para la Vida,Red de Cultura Viva Barrial.,"15 centros culturales barriales con talleres, exposiciones y formación.",,,,,,,,,,,,,,,,,,
EJE VI.,46,Culturas para la Vida,"Eje II (Salud mental), Eje III (Educación), Eje X (Metropolitano)",,,,,,,,,,,,,,,,,,,
EJE VI.,46,Culturas para la Vida,Festival de la Paz,,,,,,,,,,,,,,,,,,,
EJE VI.,46,Culturas para la Vida,Escuelas Municipales de Arte,,,,,,,,,,,,,,,,,,,
EJE VI.,47,Turismo de Altura,La Paz Se Vive: Rutas humanas y patrimoniales.,"Circuito turístico-cultural con señalética, guías, eventos y patrimonio.",,,,,,,,,,,,,,,,,,
EJE VI.,47,Turismo de Altura,"Eje IV (Economía), Eje VII (Centralidades), Eje VIII (Movilidad)",,,,,,,,,,,,,,,,,,,
EJE VI.,47,Turismo de Altura,Vía Balcón Turística,,,,,,,,,,,,,,,,,,,
EJE VI.,47,Turismo de Altura,Parque Urbano Central + Mercado Patrimonial,,,,,,,,,,,,,,,,,,,
EJE VI.,48,Patrimonio para el Futuro,Memoria Viva: Adopta tu Patrimonio.,"100 cuadras históricas restauradas: fachadas, iluminación, mobiliario.",,,,,,,,,,,,,,,,,,
EJE VI.,48,Patrimonio para el Futuro,"Eje I (Planificación), Eje VII (Barrios), Eje VIII (Espacio público)",,,,,,,,,,,,,,,,,,,
EJE VI.,48,Patrimonio para el Futuro,Registro Patrimonial + Intervención de Barrios,,,,,,,,,,,,,,,,,,,
EJE VI.,48,Patrimonio para el Futuro,Custodia Patrimonial Comunitaria,,,,,,,,,,,,,,,,,,,
EJE VI.,49,Infraestructura Cultural y Recreativa,Escenarios Abiertos: Cultura al aire libre.,"Teatro, parque Laikakota, La Bolita, infraestructura multifuncional.",,,,,,,,,,,,,,,,,,
EJE VI.,49,Infraestructura Cultural y Recreativa,"Eje II (Salud), Eje IV (Juventud), Eje IX (Verde)",,,,,,,,,,,,,,,,,,,
EJE VI.,49,Infraestructura Cultural y Recreativa,Renovación del Teatro al Aire Libre,,,,,,,,,,,,,,,,,,,
EJE VI.,49,Infraestructura Cultural y Recreativa,Centros Culturales Barriales,,,,,,,,,,,,,,,,,,,
EJE VI.,50,Economía Creativa y Naranja,Fondo Cultural Ciudad Humana.,"Portal, ferias, créditos y formación para industrias culturales.",,,,,,,,,,,,,,,,,,
EJE VI.,50,Economía Creativa y Naranja,"Eje IV (Emprendimiento), Eje III (Innovación)",,,,,,,,,,,,,,,,,,,
EJE VI.,50,Economía Creativa y Naranja,Red de Industrias Culturales,,,,,,,,,,,,,,,,,,,
EJE VI.,50,Economía Creativa y Naranja,Mercado Digital para Creadores,,,,,,,,,,,,,,,,,,,
EJE VI.,51,Ciudad Vivencial Comunitaria y Laboratorios Culturales,Mercados con Identidad: Cultura en la Canasta.,"Activaciones culturales, festivales, murales, teatro callejero por zonas.",,,,,,,,,,,,,,,,,,
EJE VI.,51,Ciudad Vivencial Comunitaria y Laboratorios Culturales,Caseritas de la Vida,,,,,,,,,,,,,,,,,,,
EJE VI.,51,Ciudad Vivencial Comunitaria y Laboratorios Culturales,Barrios Culturales,,,,,,,,,,,,,,,,,,,
EJE VI.,51,Ciudad Vivencial Comunitaria y Laboratorios Culturales,La noche Blanca,,,,,,,,,,,,,,,,,,,
EJE VI.,51,Ciudad Vivencial Comunitaria y Laboratorios Culturales,"Eje V (Identidad), Eje X (Mancomunidad), Eje IX (Espacios verdes)",,,,,,,,,,,,,,,,,,,
EJE VI.,51,Ciudad Vivencial Comunitaria y Laboratorios Culturales,Laboratorios de Cultura Viva,,,,,,,,,,,,,,,,,,,
EJE VI.,51,Ciudad Vivencial Comunitaria y Laboratorios Culturales,Escuela de Memoria Barrial,,,,,,,,,,,,,,,,,,,
EJE VII.,52,Planificación Territorial y Urbanismo Eficiente,Mapa Vivo de la Ciudad: Planificación desde la comunidad.,Actualización y aplicación del Plan de Ordenamiento Territorial por distritos,,,,,,,,,,,,,,,,,,
EJE VII.,52,Planificación Territorial y Urbanismo Eficiente,"Eje I (Normativa), Eje IX (Clima)",,,,,,,,,,,,,,,,,,,
EJE VII.,52,Planificación Territorial y Urbanismo Eficiente,Plan de Ordenamiento Territorial,,,,,,,,,,,,,,,,,,,
EJE VII.,52,Planificación Territorial y Urbanismo Eficiente,Planes Distritales Territoriales,,,,,,,,,,,,,,,,,,,
EJE VII.,53,Habitat Digno y Vivienda Social,Techo con Sentido: Vivienda para la vida.,"Construcción de 2.000 unidades bajo modelos de autoconstrucción asistida, cooperativas y alianzas",,,,,,,,,,,,,,,,,,
EJE VII.,53,Habitat Digno y Vivienda Social,"Eje V (Discapacidad, Adulto Mayor), Eje I",,,,,,,,,,,,,,,,,,,
EJE VII.,53,Habitat Digno y Vivienda Social,Programa de Rehabilitación de Barrios Populares,,,,,,,,,,,,,,,,,,,
EJE VII.,53,Habitat Digno y Vivienda Social,Alquiler Social,,,,,,,,,,,,,,,,,,,
EJE VII.,54,Catastro Moderno y Justicia Urbana,Tu Terreno Cuenta: Regularización con justicia social.,Digitalización del 100% de predios urbanos y rurales con enfoque multipropósito,,,,,,,,,,,,,,,,,,
EJE VII.,54,Catastro Moderno y Justicia Urbana,"Eje I (Tributación), Eje III (Tecnología)",,,,,,,,,,,,,,,,,,,
EJE VII.,54,Catastro Moderno y Justicia Urbana,Catastro Digital Territorial,,,,,,,,,,,,,,,,,,,
EJE VII.,54,Catastro Moderno y Justicia Urbana,Mapeo de Infraestructura y Servicios,,,,,,,,,,,,,,,,,,,
EJE VII.,55,Gestión del Suelo y Asentamientos Seguros,"Barrios Reconocidos, Barrios Cuidados.",Regularización y contención territorial con servicios básicos en zonas priorizadas,,,,,,,,,,,,,,,,,,
EJE VII.,55,Gestión del Suelo y Asentamientos Seguros,"Eje IX (Riesgos), Eje II (Salud)",,,,,,,,,,,,,,,,,,,
EJE VII.,55,Gestión del Suelo y Asentamientos Seguros,Programa de Regularización con Seguridad,,,,,,,,,,,,,,,,,,,
EJE VII.,55,Gestión del Suelo y Asentamientos Seguros,Protección de Áreas de Riesgo,,,,,,,,,,,,,,,,,,,
EJE VII.,56,Prevención de Riesgos Urbanos,Ciudad Alerta: Simulacros y preparación comunitaria ante riesgos.,"Formación, alarmas, simulacros, mapas participativos de riesgo.",,,,,,,,,,,,,,,,,,
EJE VII.,56,Prevención de Riesgos Urbanos,"Eje III (Tecnología), Eje I (Planificación)",,,,,,,,,,,,,,,,,,,
EJE VII.,56,Prevención de Riesgos Urbanos,Sensores + Centro de Monitoreo,,,,,,,,,,,,,,,,,,,
EJE VII.,56,Prevención de Riesgos Urbanos,Aplicación de Alerta Temprana,,,,,,,,,,,,,,,,,,,
EJE VII.,57,Sistema Inteligente de Monitoreo de Riesgos,Red de Vigilantes del Territorio.,"Plataforma con sensores, cámaras, big data y equipos en campo.",,,,,,,,,,,,,,,,,,
EJE VII.,57,Sistema Inteligente de Monitoreo de Riesgos,"Eje II (Salud Mental), Eje IV (Economía Solidaria)",,,,,,,,,,,,,,,,,,,
EJE VII.,57,Sistema Inteligente de Monitoreo de Riesgos,Casas Distritales de Cuidados,,,,,,,,,,,,,,,,,,,
EJE VII.,57,Sistema Inteligente de Monitoreo de Riesgos,Voluntariado Solidario,,,,,,,,,,,,,,,,,,,
EJE VII.,58,Equipamiento y Servicios Urbanos,Equipamos La Paz: Infraestructura con propósito humano.,Plataforma y plan maestro de equipamientos para garantizar cobertura por distrito,,,,,,,,,,,,,,,,,,
EJE VII.,58,Equipamiento y Servicios Urbanos,"Eje II (Salud), Eje VIII (Movilidad)",,,,,,,,,,,,,,,,,,,
EJE VII.,58,Equipamiento y Servicios Urbanos,Infraestructura de Centros de Salud y Educación,,,,,,,,,,,,,,,,,,,
EJE VII.,58,Equipamiento y Servicios Urbanos,Equipamiento de Barrios Periurbanos,,,,,,,,,,,,,,,,,,,
EJE VII.,59,Rehabilitación de Barrios Históricos,Barrios con Historia Viva: Rehabilitación urbana participativa.,"Renovación de 100 cuadras del centro histórico: fachadas, iluminación, mobiliario",,,,,,,,,,,,,,,,,,
EJE VII.,59,Rehabilitación de Barrios Históricos,"Eje VI (Cultura), Eje X (Turismo)",,,,,,,,,,,,,,,,,,,
EJE VII.,59,Rehabilitación de Barrios Históricos,Intervención de Calle Jaén y alrededores,,,,,,,,,,,,,,,,,,,
EJE VII.,59,Rehabilitación de Barrios Históricos,Mejoras en zonas patrimoniales,,,,,,,,,,,,,,,,,,,
EJE VII.,60,Barrios Comunitarios Autogestionados,"Hábitat Humano: Vivienda, comunidad y naturaleza.",Fondos concursables y capacitación técnica por zona urbana,,,,,,,,,,,,,,,,,,
EJE VII.,60,Barrios Comunitarios Autogestionados,"Eje I (Participación), Eje IV",,,,,,,,,,,,,,,,,,,
EJE VII.,60,Barrios Comunitarios Autogestionados,Planes Participativos de Mejoramiento,,,,,,,,,,,,,,,,,,,
EJE VII.,60,Barrios Comunitarios Autogestionados,Fondos Concursables Vecinales,,,,,,,,,,,,,,,,,,,
EJE VII.,61,Regeneración y Mejora Integral de Barrios,"Eje IX (Espacio público), Eje V",,,,,,,,,,,,,,,,,,,
EJE VII.,61,Regeneración y Mejora Integral de Barrios,"Intervenciones integrales: iluminación, escaleras, calles",,,,,,,,,,,,,,,,,,,
EJE VII.,62,Hábitat Verde y Urbanismo Ecosistémico,"Eje IX (Ambiente), Eje II",,,,,,,,,,,,,,,,,,,
EJE VII.,62,Hábitat Verde y Urbanismo Ecosistémico,Parques Barriales Resilientes,,,,,,,,,,,,,,,,,,,
EJE VII.,62,Hábitat Verde y Urbanismo Ecosistémico,Infraestructura Verde en barrios,,,,,,,,,,,,,,,,,,,
EJE VII.,63,"Red Distrital de Justicia y Mediación Barrial
“Derechos cerca de casa.”","Eje I, II, IV, VI, VII",,,,,,,,,,,,,,,,,,,
EJE VII.,63,"Red Distrital de Justicia y Mediación Barrial
“Derechos cerca de casa.”",Calles Seguras para Ellas,,,,,,,,,,,,,,,,,,,
EJE VII.,63,"Red Distrital de Justicia y Mediación Barrial
“Derechos cerca de casa.”",Alertas Comunitarias contra la Violencia,,,,,,,,,,,,,,,,,,,
EJE VIII.,64,Movilidad Urbana Sostenible,Muévete La Paz: Red multimodal sostenible.,"120 km de rutas peatonales y ciclorrutas seguras, con infraestructura inclusiva.",,,,,,,,,,,,,,,,,,
EJE VIII.,64,Movilidad Urbana Sostenible,"Eje II (Salud), Eje IX (Clima), Eje V (Discapacidad)",,,,,,,,,,,,,,,,,,,
EJE VIII.,64,Movilidad Urbana Sostenible,Caminabilidad Distrital,,,,,,,,,,,,,,,,,,,
EJE VIII.,64,Movilidad Urbana Sostenible,Red de Ciclorrutas,,,,,,,,,,,,,,,,,,,
EJE VIII.,65,Sistema Integrado de Transporte Público,Tarjeta Ciudad Humana: Transporte unificado y social.,5 líneas de teleférico + tren urbano central + billetera digital unificada,,,,,,,,,,,,,,,,,,
EJE VIII.,65,Sistema Integrado de Transporte Público,"Eje I (Financiamiento), Eje X (Metropolitano), Eje VI (Cultura)",,,,,,,,,,,,,,,,,,,
EJE VIII.,65,Sistema Integrado de Transporte Público,Teleféricos Movilivida,,,,,,,,,,,,,,,,,,,
EJE VIII.,65,Sistema Integrado de Transporte Público,Tren Urbano Central,,,,,,,,,,,,,,,,,,,
EJE VIII.,66,Ordenamiento del Transporte Público Colectivo,"Eje V (Seguridad), Eje IV (Empleo), Eje I (Gestión)",,,,,,,,,,,,,,,,,,,
EJE VIII.,66,Ordenamiento del Transporte Público Colectivo,Rutas Integradas Inteligentes,,,,,,,,,,,,,,,,,,,
EJE VIII.,66,Ordenamiento del Transporte Público Colectivo,Formalización del Transporte Popular,,,,,,,,,,,,,,,,,,,
EJE VIII.,67,Logística Urbana Inteligente,Ciudad que Se Mueve: Red de Distribución Urbana Sostenible.,"Adaptación de estaciones, aceras, señalética y vehículos accesibles",,,,,,,,,,,,,,,,,,
EJE VIII.,67,Logística Urbana Inteligente,"Eje VII (Vialidad), Eje IV (Comercio), Eje III (Tecnología)",,,,,,,,,,,,,,,,,,,
EJE VIII.,67,Logística Urbana Inteligente,Paradas Seguras y Digitalizadas,,,,,,,,,,,,,,,,,,,
EJE VIII.,67,Logística Urbana Inteligente,Semáforos y Sensores de Flujo Vehicular,,,,,,,,,,,,,,,,,,,
EJE VIII.,68,Infraestructura Vial Estratégica,La Vía es Nuestra: Calles completas para todas las personas.,"Intervención en 70 zonas críticas: señalización, carga-descarga, cámaras, mobiliario vial",,,,,,,,,,,,,,,,,,
EJE VIII.,68,Infraestructura Vial Estratégica,"Eje VII (Equipamiento), Eje IX (Territorio), Eje X (Integración)",,,,,,,,,,,,,,,,,,,
EJE VIII.,68,Infraestructura Vial Estratégica,Vías Distritales de Conexión,,,,,,,,,,,,,,,,,,,
EJE VIII.,68,Infraestructura Vial Estratégica,Intervenciones en Cuellos de Botella,,,,,,,,,,,,,,,,,,,
EJE VIII.,69,Parqueo y Control del Espacio Público Vial,Parqueo Inteligente y Vecinal.,10 centros de parqueo vertical + fiscalización digital de uso de aceras y vías,,,,,,,,,,,,,,,,,,
EJE VIII.,69,Parqueo y Control del Espacio Público Vial,"Eje I (Ordenamiento), Eje VI (Convivencia), Eje VII (Catastro)",,,,,,,,,,,,,,,,,,,
EJE VIII.,69,Parqueo y Control del Espacio Público Vial,Red de Parqueos Municipales,,,,,,,,,,,,,,,,,,,
EJE VIII.,69,Parqueo y Control del Espacio Público Vial,Regulación del Espacio Público,,,,,,,,,,,,,,,,,,,
EJE VIII.,70,Control del Transporte Interciudad y Fronteras Urbanas,Terminal Inteligente Metropolitana.,Estaciones de fiscalización conjunta La Paz – El Alto con sensores y registro,,,,,,,,,,,,,,,,,,
EJE VIII.,70,Control del Transporte Interciudad y Fronteras Urbanas,"Eje X (Gobernanza), Eje I (Gestión), Eje IV (Logística)",,,,,,,,,,,,,,,,,,,
EJE VIII.,70,Control del Transporte Interciudad y Fronteras Urbanas,Terminales Metropolitanas,,,,,,,,,,,,,,,,,,,
EJE VIII.,70,Control del Transporte Interciudad y Fronteras Urbanas,Puntos de Control y Fiscalización,,,,,,,,,,,,,,,,,,,
EJE VIII.,71,Caminos Distritales y Rurales,Guardianes de la Movilidad: Patrullas cívicas con formación ciudadana.,,,,,,,,,,,,,,,,,,,
EJE VIII.,71,Caminos Distritales y Rurales,"Eje IX (Productivo rural), Eje VII (Vivienda), Eje II (Emergencias)",,,,,,,,,,,,,,,,,,,
EJE VIII.,71,Caminos Distritales y Rurales,Mantenimiento Preventivo Distrital,,,,,,,,,,,,,,,,,,,
EJE VIII.,71,Caminos Distritales y Rurales,Caminos Rurales de Conexión,,,,,,,,,,,,,,,,,,,
EJE VIII.,72,Seguridad y Cultura Vial,Escuela de Movilidad Humana: Aprender para convivir.,Rehabilitación y mantenimiento comunitario de 500 km de caminos secundarios,,,,,,,,,,,,,,,,,,
EJE VIII.,72,Seguridad y Cultura Vial,"Eje V (Niñez, Adulto Mayor), Eje II (Salud Mental)",,,,,,,,,,,,,,,,,,,
EJE VIII.,72,Seguridad y Cultura Vial,Educación Vial Escolar,,,,,,,,,,,,,,,,,,,
EJE VIII.,72,Seguridad y Cultura Vial,Infraestructura Segura,,,,,,,,,,,,,,,,,,,
EJE VIII.,73,Movilidad Inclusiva y Accesibilidad Universal,"Eje V (Discapacidad), Eje IX (Ciudad humana), Eje I (Participación)",,,,,,,,,,,,,,,,,,,
EJE VIII.,73,Movilidad Inclusiva y Accesibilidad Universal,Transporte Accesible,,,,,,,,,,,,,,,,,,,
EJE VIII.,73,Movilidad Inclusiva y Accesibilidad Universal,Intervenciones de Rampa y Guías Podotáctiles,,,,,,,,,,,,,,,,,,,
EJE VIII.,74,Gestión Vehicular y Revisión Técnica Digital,Tu Auto en la Ciudad: Registro digital ciudadano.,"Plataforma digital para revisión técnica, rastreo y pago en línea de impuestos",,,,,,,,,,,,,,,,,,
EJE VIII.,74,Gestión Vehicular y Revisión Técnica Digital,Rodamos Seguros: Centros móviles de inspección.,"Plataforma digital para revisión técnica, rastreo y pago en línea de impuestos",,,,,,,,,,,,,,,,,,
EJE VIII.,74,Gestión Vehicular y Revisión Técnica Digital,"Eje I (Digitalización), Eje III (Innovación), Eje V (Seguridad)",,,,,,,,,,,,,,,,,,,
EJE VIII.,74,Gestión Vehicular y Revisión Técnica Digital,Plataforma Municipal de Vehículos,,,,,,,,,,,,,,,,,,,
EJE VIII.,74,Gestión Vehicular y Revisión Técnica Digital,Revisión Técnica Automatizada,,,,,,,,,,,,,,,,,,,
EJE VIII.,75,Centralidades Urbanas,"Mi Distrito, Mi Centro: Centralidades con Identidad.",,,,,,,,,,,,,,,,,,,
EJE VIII.,75,Centralidades Urbanas,Recuperemos la Calle: Espacios públicos para el encuentro.,,,,,,,,,,,,,,,,,,,
EJE VIII.,76,Cinvenios público - Privados para transpirte,Conduce con Propósito: Alianzas para movilidad humana.,,,,,,,,,,,,,,,,,,,
EJE VIII.,77,Movilidad Activa,Pedalea La Paz: Ciclorutas y bicibuses escolares.,,,,,,,,,,,,,,,,,,,
EJE IX.,78,Gestión Ambiental Integral Urbana,Guardianes Verdes: Brigadas comunitarias de reforestación.,"Plataforma de licencias ambientales, monitoreo e indicadores.",,,,,,,,,,,,,,,,,,
EJE IX.,78,Gestión Ambiental Integral Urbana,"Eje I (Transparencia), Eje VII (Catastro)",,,,,,,,,,,,,,,,,,,
EJE IX.,78,Gestión Ambiental Integral Urbana,Marco Normativo Ambiental,,,,,,,,,,,,,,,,,,,
EJE IX.,78,Gestión Ambiental Integral Urbana,Sistema de Licencias y Fiscalización,,,,,,,,,,,,,,,,,,,
EJE IX.,79,Áreas Verdes y Parques Urbanos,"Eje VI (Cultura), Eje V (Infancia), Eje VII (Ordenamiento)",,,,,,,,,,,,,,,,,,,
EJE IX.,79,Áreas Verdes y Parques Urbanos,Parques Renovados con Comunidades,,,,,,,,,,,,,,,,,,,
EJE IX.,79,Áreas Verdes y Parques Urbanos,Mantenimiento Participativo,,,,,,,,,,,,,,,,,,,
EJE IX.,80,Reforestación Participativa y Conservación Urbana,Respira La Paz: Campaña ciudadana de reforestación.,Plantación y cuidado comunitario de 1 millón de árboles.,,,,,,,,,,,,,,,,,,
EJE IX.,80,Reforestación Participativa y Conservación Urbana,"Eje V (Riesgos), Eje II (Salud), Eje X (Gobernanza)",,,,,,,,,,,,,,,,,,,
EJE IX.,80,Reforestación Participativa y Conservación Urbana,Red de Reforestación Barrial,,,,,,,,,,,,,,,,,,,
EJE IX.,80,Reforestación Participativa y Conservación Urbana,Jardines Escolares Comunitarios,,,,,,,,,,,,,,,,,,,
EJE IX.,81,Adaptación Climática Urbana y Gestión Hídrica,Escudos Verdes: Estrategia climática comunitaria.,"Microreservorios, jardines de lluvia, techos verdes, infiltración urbana.",,,,,,,,,,,,,,,,,,
EJE IX.,81,Adaptación Climática Urbana y Gestión Hídrica,"Eje II (Agua segura), Eje V (Gestión de Riesgos)",,,,,,,,,,,,,,,,,,,
EJE IX.,81,Adaptación Climática Urbana y Gestión Hídrica,Infraestructura de Drenaje Verde,,,,,,,,,,,,,,,,,,,
EJE IX.,81,Adaptación Climática Urbana y Gestión Hídrica,Reservorios de Agua Urbana,,,,,,,,,,,,,,,,,,,
EJE IX.,82,Energías Renovables y Eficiencia Energética,Ciudad Solar: Energía para la vida.,Paneles solares en 200 escuelas y edificios públicos.,,,,,,,,,,,,,,,,,,
EJE IX.,82,Energías Renovables y Eficiencia Energética,"Eje III (Educación), Eje I (Gestión municipal)",,,,,,,,,,,,,,,,,,,
EJE IX.,82,Energías Renovables y Eficiencia Energética,Techos Solares Municipales,,,,,,,,,,,,,,,,,,,
EJE IX.,82,Energías Renovables y Eficiencia Energética,Alumbrado Solar Distrital,,,,,,,,,,,,,,,,,,,
EJE IX.,83,Gestión Integral de Residuos Sólidos,Basura Cero: Comunidad que separa y reduce.,"Optimizar recolección, crear rutas diferenciadas y nuevo centro de tratamiento.",,,,,,,,,,,,,,,,,,
EJE IX.,83,Gestión Integral de Residuos Sólidos,"Eje IV (Empresas), Eje V (Salud), Eje VII (Logística)",,,,,,,,,,,,,,,,,,,
EJE IX.,83,Gestión Integral de Residuos Sólidos,Recolección Segregada,,,,,,,,,,,,,,,,,,,
EJE IX.,83,Gestión Integral de Residuos Sólidos,Nueva Planta de Tratamiento,,,,,,,,,,,,,,,,,,,
EJE IX.,84,Economía Circular y Reciclaje Inclusivo,Circular La Paz: Laboratorio de economía regenerativa.,"Plataforma de reciclaje con empresas, emprendedores y recicladores base.",,,,,,,,,,,,,,,,,,
EJE IX.,84,Economía Circular y Reciclaje Inclusivo,La Paz Recicla con Dignidad: Red de recicladores y educación urbana.,"Plataforma de reciclaje con empresas, emprendedores y recicladores base.",,,,,,,,,,,,,,,,,,
EJE IX.,84,Economía Circular y Reciclaje Inclusivo,"Eje IV (Empleo), Eje III (Innovación), Eje VI (Eventos)",,,,,,,,,,,,,,,,,,,
EJE IX.,84,Economía Circular y Reciclaje Inclusivo,Centros de Acopio con Recicladores,,,,,,,,,,,,,,,,,,,
EJE IX.,84,Economía Circular y Reciclaje Inclusivo,Ferias de Economía Circular,,,,,,,,,,,,,,,,,,,
EJE IX.,85,Centro Metropolitano de Residuos y Economía Verde,Parque Ecoindustrial del Reciclaje.,"Infraestructura compartida entre La Paz, El Alto y municipios del eje.",,,,,,,,,,,,,,,,,,
EJE IX.,85,Centro Metropolitano de Residuos y Economía Verde,"Eje X (Metropolitano), Eje IV (Empleo Verde)",,,,,,,,,,,,,,,,,,,
EJE IX.,85,Centro Metropolitano de Residuos y Economía Verde,Plataforma de Gestión Integral Metropol.,,,,,,,,,,,,,,,,,,,
EJE IX.,85,Centro Metropolitano de Residuos y Economía Verde,Compostaje y reciclaje industrial,,,,,,,,,,,,,,,,,,,
EJE IX.,86,Agricultura Urbana y Soberanía Alimentaria,Sembrando Futuro: Red de Huertas Ciudadanas.,"Crear 300 huertos escolares, barriales y en techos municipales.",,,,,,,,,,,,,,,,,,
EJE IX.,86,Agricultura Urbana y Soberanía Alimentaria,"Eje II (Salud), Eje IV (Mujeres), Eje VII (Espacio urbano)",,,,,,,,,,,,,,,,,,,
EJE IX.,86,Agricultura Urbana y Soberanía Alimentaria,Huertos Escolares y Vecinales,,,,,,,,,,,,,,,,,,,
EJE IX.,86,Agricultura Urbana y Soberanía Alimentaria,Circuitos Cortos Agroecológicos,,,,,,,,,,,,,,,,,,,
EJE IX.,87,Educación y Cultura Ambiental Comunitaria,Corredores Verdes Urbanos.,Activación de promotores ambientales en 100 unidades educativas.,,,,,,,,,,,,,,,,,,
EJE IX.,87,Educación y Cultura Ambiental Comunitaria,"Eje III (Educación), Eje V (Juventud), Eje VI (Cultura)",,,,,,,,,,,,,,,,,,,
EJE IX.,87,Educación y Cultura Ambiental Comunitaria,Escuelas Ambientales,,,,,,,,,,,,,,,,,,,
EJE IX.,87,Educación y Cultura Ambiental Comunitaria,Brigadas Climáticas Barriales,,,,,,,,,,,,,,,,,,,
EJE IX.,88,Biodiversidad Urbana y Protección de Fauna Silvestre,De la Tierra al Plato: Circuitos cortos y mercados saludables.,"Espacios de protección y conectividad para aves, zorros, roedores silvestres.",,,,,,,,,,,,,,,,,,
EJE IX.,88,Biodiversidad Urbana y Protección de Fauna Silvestre,"Eje X (Periurbano), Eje V (Protección animal)",,,,,,,,,,,,,,,,,,,
EJE IX.,88,Biodiversidad Urbana y Protección de Fauna Silvestre,Reservas Urbanas + Bioindicadores,,,,,,,,,,,,,,,,,,,
EJE IX.,88,Biodiversidad Urbana y Protección de Fauna Silvestre,Refugios y Santuarios,,,,,,,,,,,,,,,,,,,
EJE X.,89,Planes Metropolitanos de Desarrollo Urbano y Territorial,Gran La Paz Humana: Foro de Alcaldías y Ciudadanía Metropolitana.,"Hoja de ruta compartida con visión territorial, ambiental y económica.",,,,,,,,,,,,,,,,,,
EJE X.,89,Planes Metropolitanos de Desarrollo Urbano y Territorial,"Eje VII (Ordenamiento), Eje I (Gobernanza), Eje IX (Residuos)",,,,,,,,,,,,,,,,,,,
EJE X.,89,Planes Metropolitanos de Desarrollo Urbano y Territorial,POT Metropolitano Intermunicipal,,,,,,,,,,,,,,,,,,,
EJE X.,89,Planes Metropolitanos de Desarrollo Urbano y Territorial,Estrategia Metropolitana 2050,,,,,,,,,,,,,,,,,,,
EJE X.,90,Mancomunidades Productivas y Ambientales,Regiones que Producen Vida: Ferias mancomunadas y clústeres regionales.,"Apoyo a ferias, agroindustria, agricultura ecológica, con enfoque metropolitano.",,,,,,,,,,,,,,,,,,
EJE X.,90,Mancomunidades Productivas y Ambientales,"Eje IX (Agricultura), Eje IV (Empleo), Eje VI (Cultura)",,,,,,,,,,,,,,,,,,,
EJE X.,90,Mancomunidades Productivas y Ambientales,Circuitos Productivos Regionales,,,,,,,,,,,,,,,,,,,
EJE X.,90,Mancomunidades Productivas y Ambientales,Gestión de Cuencas Compartidas,,,,,,,,,,,,,,,,,,,
EJE X.,91,Centralidades Metropolitanas,Ej. Estación de >Faro Murillo,"Crear polos de cultura, comercio y movilidad en límites con El Alto, Achocalla.",,,,,,,,,,,,,,,,,,
EJE X.,91,Centralidades Metropolitanas,"Eje IV (Economía), Eje VIII (Movilidad), Eje VI (Turismo)",,,,,,,,,,,,,,,,,,,
EJE X.,91,Centralidades Metropolitanas,Distritos Binacionales La Paz–El Alto,,,,,,,,,,,,,,,,,,,
EJE X.,91,Centralidades Metropolitanas,Nodos de Desarrollo Urbano,,,,,,,,,,,,,,,,,,,
EJE X.,92,Cultura e Identidad Metropolitana,Ruta Metropolitana de las Culturas Vivas.,Activación de expresiones culturales mixtas entre La Paz y El Alto.,,,,,,,,,,,,,,,,,,
EJE X.,92,Cultura e Identidad Metropolitana,"Eje VI (Cultura), Eje V (Juventud)",,,,,,,,,,,,,,,,,,,
EJE X.,92,Cultura e Identidad Metropolitana,Encuentro Cultural Metropolitano,,,,,,,,,,,,,,,,,,,
EJE X.,92,Cultura e Identidad Metropolitana,Escuela de Identidad Metropolitana,,,,,,,,,,,,,,,,,,,
EJE X.,93,Gobernanza Metropolitana y Coordinación Intermunicipal,Mesa Metropolitana de Ciudadanía y Territorio.,Crear una instancia formal de coordinación con competencias delegadas.,,,,,,,,,,,,,,,,,,
EJE X.,93,Gobernanza Metropolitana y Coordinación Intermunicipal,"Eje I (Gestión Municipal), Eje IX (Servicios Ambientales)",,,,,,,,,,,,,,,,,,,
EJE X.,93,Gobernanza Metropolitana y Coordinación Intermunicipal,Consejo de Alcaldes Metropolitanos,,,,,,,,,,,,,,,,,,,
EJE X.,93,Gobernanza Metropolitana y Coordinación Intermunicipal,Agenda Legislativa Intermunicipal,,,,,,,,,,,,,,,,,,,
EJE X.,94,Gestión Metropolitana de Servicios Básicos y Ambientales,"Eje IX (Residuos), Eje II (Salud), Eje VII (Equipamiento)",,,,,,,,,,,,,,,,,,,
EJE X.,94,Gestión Metropolitana de Servicios Básicos y Ambientales,Convenio Residuos y Agua,,,,,,,,,,,,,,,,,,,
EJE X.,94,Gestión Metropolitana de Servicios Básicos y Ambientales,Sistemas Integrados de Alumbrado y Recolección,,,,,,,,,,,,,,,,,,,
EJE X.,95,Integración Metropolitana de Transporte y Logística,"Eje VIII (Movilidad), Eje I (Digitalización), Eje IV (Logística)",,,,,,,,,,,,,,,,,,,
EJE X.,95,Integración Metropolitana de Transporte y Logística,Red Integrada de Transporte Urbano,,,,,,,,,,,,,,,,,,,
EJE X.,95,Integración Metropolitana de Transporte y Logística,Tarifa Única Metropolitana,,,,,,,,,,,,,,,,,,,
EJE X.,96,Centro Metropolitano de Soluciones Urbanas – CEMSU,"Eje III (Innovación), Eje I (Planificación), Eje IX (Adaptación climática)",,,,,,,,,,,,,,,,,,,
EJE X.,96,Centro Metropolitano de Soluciones Urbanas – CEMSU,Plataforma Técnica Metropolitana,,,,,,,,,,,,,,,,,,,
EJE X.,96,Centro Metropolitano de Soluciones Urbanas – CEMSU,Centro de Datos Urbanos Compartidos,,,,,,,,,,,,,,,,,,,
EJE X.,97,Red Campo-Ciudad,1. Mercados Integradores Territoriales (MIT),,,,,,,,,,,,,,,,,,,
EJE X.,97,Red Campo-Ciudad,"Mercados urbanos semi-mayoristas o de consumo directo, gestionados junto a comunidades productoras, con trazabilidad, logística compartida y precios justos.",,,,,,,,,,,,,,,,,,,
EJE X.,97,Red Campo-Ciudad,2. App Campo-Ciudad,,,,,,,,,,,,,,,,,,,
EJE X.,97,Red Campo-Ciudad,"Una aplicación digital de comercio justo, logística compartida y consumo responsable que conecte productores rurales con familias urbanas, restaurantes y hoteles.",,,,,,,,,,,,,,,,,,,
EJE X.,97,Red Campo-Ciudad,3. Bancos de Insumos y Semillas Rurales,,,,,,,,,,,,,,,,,,,
EJE X.,97,Red Campo-Ciudad,"Centros urbanos que provean, en alianza con gobiernos locales, insumos, asistencia técnica, crédito rotativo y tecnología al sector rural.",,,,,,,,,,,,,,,,,,,
EJE X.,97,Red Campo-Ciudad,4. Escuelas Urbanas de Saberes Rurales,,,,,,,,,,,,,,,,,,,
EJE X.,97,Red Campo-Ciudad,"Espacios en la ciudad donde se enseñan oficios, técnicas ancestrales, producción agroecológica, cocina rural y cultura originaria. Fomentan el orgullo rural y el aprendizaje mutuo.",,,,,,,,,,,,,,,,,,,
EJE X.,97,Red Campo-Ciudad,5. Rutas del Origen,,,,,,,,,,,,,,,,,,,
EJE X.,97,Red Campo-Ciudad,"Circuitos turísticos y educativos entre barrios urbanos y comunidades rurales que promuevan identidad, turismo responsable y comercio directo.",,,,,,,,,,,,,,,,,,,
EJE X.,97,Red Campo-Ciudad,6. Centros de Acopio con Frío y Valor Agregado,,,,,,,,,,,,,,,,,,,
EJE X.,97,Red Campo-Ciudad,"Ubicados en el periurbano, permitirían industrializar productos rurales para generar empleo y aumentar el valor de exportación.",,,,,,,,,,,,,,,,,,,
EJE X.,97,Red Campo-Ciudad,7. Sistema de Transferencias Verdes Urbanas,,,,,,,,,,,,,,,,,,,
EJE X.,97,Red Campo-Ciudad,"Una parte del presupuesto municipal o distrital que se destine a la protección de cuencas, reforestación, agricultura sostenible o soberanía alimentaria en zonas rurales.",,,,,,,,,,,,,,,,,,,
EJE X.,99,Red de Apoyo municipal,Cooperativa de asesoramiento municipal,,,,,,,,,,,,,,,,,,,
EJE-01 · Ciudad Eficiente y Transparente,—,Fortalecimiento Institucional y Gestión Interna (paraguas CMI),La Paz Comunica,,paraguas,"Comunicación estratégica, prensa y marca ciudad: difundir la gestión y posicionar La Paz.",,,,,,,,,,,,,,,,
EJE-01 · Ciudad Eficiente y Transparente,—,Fortalecimiento Institucional y Gestión Interna (paraguas CMI),Casa Ordenada,,paraguas,"Gestión interna, mantenimiento, equipamiento y destrabe de trámites operativos de la Alcaldía.",,,,,,,,,,,,,,,,
EJE-01 · Ciudad Eficiente y Transparente,—,Fortalecimiento Institucional y Gestión Interna (paraguas CMI),Servidores que Cuidan,,paraguas,"Bienestar y condiciones laborales del personal municipal (obreros, servicios).",,,,,,,,,,,,,,,,
EJE-01 · Ciudad Eficiente y Transparente,—,Fortalecimiento Institucional y Gestión Interna (paraguas CMI),Finanzas Sanas,,paraguas,"Sostenibilidad financiera y presupuestaria: recaudación, tarifas y saneamiento del gasto.",,,,,,,,,,,,,,,,
EJE-01 · Ciudad Eficiente y Transparente,—,Fortalecimiento Institucional y Gestión Interna (paraguas CMI),Control y Cuentas Claras,,paraguas,"Auditoría interna, fiscalización y saneamiento de activos y contrataciones.",,,,,,,,,,,,,,,,
EJE-01 · Ciudad Eficiente y Transparente,—,Fortalecimiento Institucional y Gestión Interna (paraguas CMI),Agenda Viva de la Ciudad,,paraguas,"Protocolo, relacionamiento institucional, agenda y cultura cívica.",,,,,,,,,,,,,,,,
EJE-05 · Ciudad de Cuidados y Derechos,—,Seguridad Alimentaria,Alimentación Solidaria,,general,"Programa de alimentación a poblaciones vulnerables (personas en situación de calle, adultos mayores, bajos recursos).",,,,,,,,,,,,,,,,
